-- 中药新药研发辅助系统示例数据插入
-- 数据库：MySQL 8.0+

-- ========================
-- 中药材数据
-- ========================
INSERT INTO `herb` (`id`, `name`, `pinyin`, `aliases`, `source`, `medicinal_part`, `nature`, `taste`, `meridian`, `effects`, `indications`, `usage`, `processing`, `origin`, `toxicity`, `category`, `create_time`, `update_time`) VALUES
(1, '人参', 'ren shen', '神草、棒锤、山参', '五加科植物人参 Panax ginseng C.A.Mey.的干燥根和根茎', '根及根茎', '微温', '甘、微苦', '脾、肺、心、肾经', '大补元气，复脉固脱，补脾益肺，生津养血，安神益智', '用于气虚欲脱，脉微欲绝，脾虚食少，肺虚喘咳，津伤口渴，内热消渴，气血亏虚，失眠健忘', '3-9g，另炖兑服', '洗净切片或生用、炒用', '吉林、辽宁、黑龙江', 'NONE', '补气药', NOW(), NOW()),
(2, '甘草', 'gan cao', '甜草、国老、蜜草', '豆科植物甘草 Glycyrrhiza uralensis Fisch.、胀果甘草或光果甘草的干燥根和根茎', '根及根茎', '平', '甘', '心、肺、脾、胃经', '补脾益气，清热解毒，祛痰止咳，缓急止痛，调和诸药', '用于脾胃虚弱，倦怠乏力，心动悸，脉结代，咳嗽痰多，脘腹挛急疼痛，调和诸药', '2-10g', '生用或蜜炙用', '内蒙古、甘肃、新疆', 'NONE', '补气药', NOW(), NOW()),
(3, '黄连', 'huang lian', '连桥、王连、雅连', '毛茛科植物黄连、三角叶黄连或云连的干燥根茎', '根茎', '寒', '苦', '心、脾、胃、肝、胆、大肠经', '清热燥湿，泻火解毒', '用于湿热痞满，呕吐吞酸，高热神昏，心火亢盛，心烦不寐，血热吐衄，目赤吞酸，牙痛，痈肿疔疮', '2-5g', '姜汁炒或吴茱萸水炒', '四川、云南、陕西', 'NONE', '清热药', NOW(), NOW()),
(4, '当归', 'dang gui', '干归、马尾当归、秦归', '伞形科植物当归 Angelica sinensis (Oliv.) Diels 的干燥根', '根', '温', '甘、辛', '肝、心、脾经', '补血活血，调经止痛，润肠通便', '用于血虚萎黄，眩晕心悸，月经不调，经闭痛经，虚寒腹痛，风湿痹痛，跌扑损伤，肠燥便秘', '6-12g', '生用或酒炒、土炒', '甘肃、云南、四川', 'NONE', '补血药', NOW(), NOW()),
(5, '丹参', 'dan shen', '红丹参、赤参、紫丹参', '唇形科植物丹参 Salvia miltiorrhiza Bge.的干燥根和根茎', '根及根茎', '微寒', '苦', '心、肝经', '活血祛瘀，通经止痛，清心除烦，凉血消痈', '用于胸痹心痛，脘腹胁痛，瘕瘕积聚，热病烦躁神昏，心烦不眠，瘀滞腹痛，跌打损伤，疮疡肿痛', '9-15g', '生用或酒炙', '四川、河北、山东', 'NONE', '活血化瘀药', NOW(), NOW()),
(6, '黄芪', 'huang qi', '绵黄芪、金黄芪', '豆科植物蒙古黄芪或膜荚黄芪的干燥根', '根', '微温', '甘', '脾、肺经', '补气升阳，固表止汗，利水消肿，生津养血，托毒排脓', '用于气虚乏力，食少便溏，中气下陷，表虚自汗，气虚水肿，血虚萎黄，痈疽难溃', '9-30g', '生用或蜜炙', '内蒙古、山西、甘肃', 'NONE', '补气药', NOW(), NOW()),
(7, '白芍', 'bai shao', '金芍、毛芍', '毛茛科植物芍药 Paeonia lactiflora Pall.的干燥根', '根', '微寒', '苦、酸', '肝、脾经', '养血调经，敛阴止汗，柔肝止痛，平抑肝阳', '用于血虚萎黄，月经不调，自汗盗汗，胁痛，腹痛，四肢挛痛，肝阳上亢', '6-15g', '生用或炒用、酒炒', '浙江、安徽、四川', 'NONE', '补血药', NOW(), NOW()),
(8, '川芎', 'chuan xiong', '抚芎、香果、胡芎', '伞形科植物川芎 Ligusticum chuanxiong Hort.的干燥根茎', '根茎', '温', '辛', '肝、胆、心包经', '活血行气，祛风止痛', '用于胸痹心痛，胁痛，痛经经闭，瘕瘕腹痛，头痛，风湿痹痛', '3-10g', '生用', '四川', 'NONE', '活血化瘀药', NOW(), NOW()),
(9, '茯苓', 'fu ling', '茯灵、云苓、茯神', '多孔菌科真菌茯苓 Poria cocos (Schw.) Wolf 的干燥菌核', '菌核', '平', '甘、淡', '心、脾、肾经', '利水渗湿，健脾，宁心', '用于水肿尿少，痰饮眩悸，脾虚食少，便溏泄泻，心神不安，失眠健忘', '10-15g', '生用', '云南、安徽、湖北', 'NONE', '利水渗湿药', NOW(), NOW()),
(10, '半夏', 'ban xia', '蝎子草、地文', '天南星科植物半夏 Pinellia ternata (Thunb.) Breit.的干燥块茎', '块茎', '温', '辛', '脾、胃、肺经', '燥湿化痰，降逆止呕，消痞散结', '用于湿痰寒痰，咳喘痰多，痰饮眩悸，呕吐，心下痞，结胸，梅核气', '3-9g，需炮制后使用', '姜半夏、法半夏、清半夏', '四川、湖北、安徽', 'LOW', '化痰药', NOW(), NOW());

-- ========================
-- 方剂数据
-- ========================
INSERT INTO `formula` (`id`, `name`, `aliases`, `source`, `era`, `category`, `effects`, `indications`, `usage`, `jun_yao`, `chen_yao`, `zuo_yao`, `shi_yao`, `related_herbs`, `efficacy_score`, `create_time`, `update_time`) VALUES
(1, '四君子汤', '无', '《太平惠民和剂局方》', '宋代', '补益剂', '益气健脾', '脾胃气虚证，面色萎白，语声低微，气短乏力，食少便溏', '水煎服，日一剂', '[{"name":"人参","dose":"9g"}]', '[{"name":"白术","dose":"9g"},{"name":"茯苓","dose":"9g"}]', '[{"name":"甘草","dose":"6g"}]', '无', '["人参","白术","茯苓","甘草"]', 8.5, NOW(), NOW()),
(2, '四物汤', '补血汤', '《仙授理伤续断秘方》', '唐代', '补益剂', '补血调经', '营血虚滞证，月经不调，痛经，面色无华', '水煎服，日一剂', '[{"name":"熟地黄","dose":"12g"}]', '[{"name":"当归","dose":"10g"},{"name":"白芍","dose":"10g"}]', '[{"name":"川芎","dose":"6g"}]', '无', '["熟地黄","当归","白芍","川芎"]', 8.8, NOW(), NOW()),
(3, '桂枝汤', '无', '《伤寒论》', '东汉', '解表剂', '解肌发表，调和营卫', '外感风寒表虚证，发热头痛，汗出恶风，鼻鸣干呕', '水煎温服，服后啜热稀粥助汗', '[{"name":"桂枝","dose":"9g"}]', '[{"name":"芍药","dose":"9g"}]', '[{"name":"生姜","dose":"9g"},{"name":"大枣","dose":"4 枚"}]', '[{"name":"甘草","dose":"6g"}]', '["桂枝","芍药","生姜","大枣","甘草"]', 8.0, NOW(), NOW()),
(4, '麻黄汤', '无', '《伤寒论》', '东汉', '解表剂', '发汗解表，宣肺平喘', '外感风寒表实证，恶寒发热，头痛身痛，无汗而喘', '水煎服，日一剂', '[{"name":"麻黄","dose":"9g"}]', '[{"name":"桂枝","dose":"6g"}]', '[{"name":"杏仁","dose":"9g"}]', '[{"name":"甘草","dose":"3g"}]', '["麻黄","桂枝","杏仁","甘草"]', 7.8, NOW(), NOW()),
(5, '小柴胡汤', '无', '《伤寒论》', '东汉', '和解剂', '和解少阳，扶正祛邪', '少阳证，寒热往来，胸胁苦满，默默不欲饮食，心烦喜呕', '水煎服，日一剂', '[{"name":"柴胡","dose":"12g"}]', '[{"name":"黄芩","dose":"9g"}]', '[{"name":"半夏","dose":"9g"},{"name":"生姜","dose":"9g"}]', '[{"name":"人参","dose":"6g"},{"name":"甘草","dose":"6g"},{"name":"大枣","dose":"4 枚"}]', '["柴胡","黄芩","半夏","人参","甘草","生姜","大枣"]', 9.0, NOW(), NOW()),
(6, '六味地黄丸', '地黄丸', '《小儿药证直诀》', '宋代', '补益剂', '滋阴补肾', '肾阴亏损证，头晕耳鸣，腰膝酸软，骨蒸潮热，盗汗遗精', '水蜜丸，一次 6-9g，一日 2 次', '[{"name":"熟地黄","dose":"24g"}]', '[{"name":"山茱萸","dose":"12g"},{"name":"山药","dose":"12g"}]', '[{"name":"泽泻","dose":"9g"},{"name":"牡丹皮","dose":"9g"},{"name":"茯苓","dose":"9g"}]', '无', '["熟地黄","山茱萸","山药","泽泻","牡丹皮","茯苓"]', 9.2, NOW(), NOW());

-- ========================
-- 疾病数据
-- ========================
INSERT INTO `disease` (`id`, `name`, `tcm_name`, `category`, `severity`, `overview`, `clinical_manifestations`, `common_syndromes`, `common_formulas`, `common_herbs`, `create_time`, `update_time`) VALUES
(1, '2 型糖尿病', '消渴病', '内科', 'MODERATE', '以血浆葡萄糖水平升高为特征的代谢性疾病', '多饮、多食、多尿、体重减轻，口渴喜饮，小便频数', '[{"name":"肺热津伤"},{"name":"胃热炽盛"},{"name":"肾阴亏虚"}]', '["消渴方","玉液汤","六味地黄丸"]', '["天花粉","葛根","山药","黄芪","地黄"]', NOW(), NOW()),
(2, '高血压', '眩晕、头痛', '内科', 'MODERATE', '以体循环动脉血压持续升高为主要特征的临床综合征', '头晕、头痛、耳鸣、心悸、失眠，严重者可致心脑肾并发症', '[{"name":"肝阳上亢"},{"name":"痰湿中阻"},{"name":"肝肾阴虚"}]', '["天麻钩藤饮","半夏白术天麻汤","杞菊地黄丸"]', '["天麻","钩藤","石决明","半夏","白术"]', NOW(), NOW()),
(3, '冠心病', '胸痹', '内科', 'SEVERE', '冠状动脉粥样硬化性心脏病的简称', '胸闷、胸痛，甚则胸痛彻背，心悸气短，劳则尤甚', '[{"name":"气滞血瘀"},{"name":"痰浊闭阻"},{"name":"气阴两虚"}]', '["血府逐瘀汤","瓜蒌薤白半夏汤","生脉散"]', '["丹参","川芎","红花","三七","甘草"]', NOW(), NOW()),
(4, '慢性胃炎', '胃脘痛', '内科', 'MILD', '指各种病因引起的胃黏膜慢性炎症', '胃脘疼痛、胀满、隐痛、烧心、嗳气、纳差', '[{"name":"肝胃不和"},{"name":"脾胃虚弱"},{"name":"胃阴不足"}]', '["柴胡疏肝散","香砂六君子汤","益胃汤"]', '["柴胡","白芍","白术","党参","麦冬"]', NOW(), NOW()),
(5, '失眠', '不寐', '内科', 'MILD', '以经常不能获得正常睡眠为特征的一类病证', '睡眠障碍，入睡困难，易醒，早醒，多梦，醒后乏力', '[{"name":"肝火扰心"},{"name":"痰热扰心"},{"name":"心脾两虚"}]', '["龙胆泻肝汤","黄连温胆汤","归脾汤"]', '["酸枣仁","柏子仁","远志","茯苓","合欢皮"]', NOW(), NOW());

-- ========================
-- 化学成分数据
-- ========================
INSERT INTO `component` (`id`, `name`, `chemical_formula`, `molecular_weight`, `cas_number`, `bioactivity`, `source_herbs`, `pharmacological_effects`, `molecular_weight_da`, `logp`, `drug_like_score`, `create_time`, `update_time`) VALUES
(1, '人参皂苷 Rg1', 'C42H72O14', 780.99, '52286-59-2', '神经保护、抗疲劳、增强免疫', '["人参"]', '["神经保护","抗炎","抗氧化","改善记忆"]', 780.99, 2.85, 3, NOW(), NOW()),
(2, '人参皂苷 Rb1', 'C53H90O23', 1109.24, '41753-43-3', '调节血糖、改善心血管功能', '["人参"]', '["降血糖","心血管保护","抗疲劳","免疫调节"]', 1109.24, 3.12, 2, NOW(), NOW()),
(3, '甘草酸', 'C42H62O16', 822.93, '1405-86-3', '抗炎、抗过敏、抗病毒', '["甘草"]', '["抗炎","抗过敏","保肝","抗病毒","免疫调节"]', 822.93, 1.45, 2, NOW(), NOW()),
(4, '丹参酮 IIA', 'C19H18O3', 294.34, '50365-97-2', '活血化瘀、改善微循环', '["丹参"]', '["心血管保护","抗炎","抗氧化","抗纤维化","抗肿瘤"]', 294.34, 3.28, 4, NOW(), NOW()),
(5, '小檗碱', 'C20H18NO4', 336.37, '2086-83-1', '抗菌、降血糖、降血脂', '["黄连","黄柏","吴茱萸"]', '["抗菌","降血糖","降血脂","抗炎","心血管保护"]', 336.37, 1.24, 3, NOW(), NOW()),
(6, '黄芩苷', 'C21H18O11', 446.36, '21967-41-9', '抗炎、抗氧化、抗病毒', '["黄芩"]', '["抗炎","抗氧化","抗病毒","保肝","心血管保护"]', 446.36, 1.68, 3, NOW(), NOW()),
(7, '葛根素', 'C21H20O9', 416.38, '465-72-3', '改善心脑血管功能', '["葛根"]', '["心血管保护","扩张血管","降血糖","抗氧化","神经保护"]', 416.38, 1.05, 3, NOW(), NOW()),
(8, '阿魏酸', 'C10H10O4', 194.19, '21689-62-9', '抗血小板聚集、抗氧化', '["当归","川芎"]', '["抗血小板","抗氧化","抗炎","心血管保护"]', 194.19, 1.25, 4, NOW(), NOW());

-- ========================
-- 靶点通路数据
-- ========================
INSERT INTO `target_pathway` (`id`, `name`, `type`, `target_type`, `function`, `biological_process`, `pathway_name`, `pathway_category`, `related_diseases`, `related_components`, `evidence_level`, `create_time`, `update_time`) VALUES
(1, 'AMPK', 'TARGET', 'PROTEIN', 'AMP 激活蛋白激酶，细胞能量代谢的调节器', '能量代谢调节、细胞自噬、蛋白质合成', 'AMPK signaling pathway', 'Metabolism', '["2 型糖尿病","代谢综合征","肥胖症"]', '["人参皂苷 Rg1","人参皂苷 Rb1","小檗碱","黄芩苷"]', 'HIGH', NOW(), NOW()),
(2, 'PI3K/Akt', 'PATHWAY', 'PATHWAY', '调节细胞生长、增殖、代谢和存活的关键信号通路', '细胞增殖、细胞存活、代谢调节、血管生成', 'PI3K-Akt signaling pathway', 'Cellular Processes', '["冠心病","癌症","2 型糖尿病"]', '["丹参酮 IIA","人参皂苷 Rg1","小檗碱","葛根素"]', 'HIGH', NOW(), NOW()),
(3, 'NF-κB', 'PATHWAY', 'PATHWAY', '调控炎症反应、免疫应答和细胞存活', '炎症反应、免疫应答、细胞增殖、凋亡抑制', 'NF-kappa B signaling pathway', 'Immune System', '["慢性胃炎","类风湿关节炎","炎症性肠病"]', '["甘草酸","小檗碱","黄芩苷","丹参酮 IIA"]', 'HIGH', NOW(), NOW()),
(4, 'MAPK', 'PATHWAY', 'PATHWAY', '细胞信号转导通路，介导多种细胞过程', '细胞增殖、分化、应激反应、凋亡', 'MAPK signaling pathway', 'Cellular Processes', '["癌症","阿尔茨海默病","心血管疾病"]', '["人参皂苷 Rg1","人参皂苷 Rb1","葛根素"]', 'MEDIUM', NOW(), NOW()),
(5, '胰岛素信号通路', 'PATHWAY', 'PATHWAY', '调节葡萄糖代谢、脂质代谢和蛋白质合成', '葡萄糖代谢、脂质代谢、蛋白质合成', 'Insulin signaling pathway', 'Metabolism', '["2 型糖尿病","代谢综合征","肥胖症"]', '["人参皂苷 Rg1","人参皂苷 Rb1","小檗碱","葛根素"]', 'HIGH', NOW(), NOW());

-- ========================
-- 法规数据
-- ========================
INSERT INTO `regulation` (`id`, `name`, `name_english`, `regulation_number`, `issuing_authority`, `issuing_authority_type`, `regulation_type`, `category`, `effective_date`, `is_valid`, `applicable_field`, `summary`, `importance`, `create_time`, `update_time`) VALUES
(1, '中药新药临床研究指导原则', 'Guidelines for Clinical Research of New Chinese Medicines', '国食药监注 [2005]480 号', '国家食品药品监督管理局', 'NMPA', 'GUIDELINE', '临床研究', '2005-09-01', 1, '中药', '指导中药新药临床试验的设计、实施和评价', 'CRITICAL', NOW(), NOW()),
(2, '中药注册管理专门规定', 'Special Provisions on the Registration of Chinese Medicines', '国家市场监督管理总局令 第 65 号', '国家市场监督管理总局', 'NMPA', 'REGULATION', '注册管理', '2023-12-01', 1, '中药', '完善中药注册分类和申报资料要求', 'CRITICAL', NOW(), NOW()),
(3, '中药注册分类及申报资料要求', 'Classification and Requirements for Registration of Chinese Medicines', '2020 年第 68 号公告', '国家药品监督管理局', 'NMPA', 'NOTICE', '注册管理', '2020-07-01', 1, '中药', '明确中药注册分类和相应申报资料要求', 'CRITICAL', NOW(), NOW()),
(4, '中药新药处方药转非处方药评价指导原则', 'Guidelines for Evaluation of Prescription to OTC Switch of New Chinese Medicines', '药审中心公告 2021 年第 66 号', '国家药品监督管理局药品审评中心', 'NMPA', 'GUIDELINE', '上市后研究', '2021-06-01', 1, '中药', '指导中药处方药向非处方药转换的评估工作', 'NORMAL', NOW(), NOW());

-- ========================
-- 用户数据
-- ========================
INSERT INTO `user` (`id`, `username`, `password`, `nickname`, `email`, `gender`, `status`, `create_time`, `update_time`) VALUES
(1, 'admin', '$2a$10$N.zmdr9k7uOCQb376NoUnuTJ8iAt6Z5EHsM8lE9lBOsl7iwK8pJ5C', '系统管理员', 'admin@medicine.com', 'MALE', 0, NOW(), NOW()),
(2, 'wangwei', '$2a$10$N.zmdr9k7uOCQb376NoUnuTJ8iAt6Z5EHsM8lE9lBOsl7iwK8pJ5C', '王伟', 'wangwei@medicine.com', 'MALE', 0, NOW(), NOW()),
(3, 'lixia', '$2a$10$N.zmdr9k7uOCQb376NoUnuTJ8iAt6Z5EHsM8lE9lBOsl7iwK8pJ5C', '李华', 'lixia@medicine.com', 'FEMALE', 0, NOW(), NOW()),
(4, 'zhangming', '$2a$10$N.zmdr9k7uOCQb376NoUnuTJ8iAt6Z5EHsM8lE9lBOsl7iwK8pJ5C', '张明', 'zhangming@medicine.com', 'MALE', 0, NOW(), NOW()),
(5, 'chenjing', '$2a$10$N.zmdr9k7uOCQb376NoUnuTJ8iAt6Z5EHsM8lE9lBOsl7iwK8pJ5C', '陈静', 'chenjing@medicine.com', 'FEMALE', 0, NOW(), NOW());

-- ========================
-- 项目数据
-- ========================
INSERT INTO `project` (`id`, `project_name`, `herb_name`, `formula_name`, `indication`, `phase`, `projector_id`, `status`, `start_time`, `budget`, `priority`, `description`, `ai_assess`, `ai_report`, `create_time`, `update_time`) VALUES
(1, '基于人参皂苷 Rg1 的神经保护新药研发', '人参', '六味地黄丸', '2 型糖尿病认知功能障碍', 'EXPLORATION', 1, 2, '2024-01-15 00:00:00', 5000000.00, 1, '针对 2 型糖尿病引起的认知功能障碍，开发基于人参皂苷 Rg1 神经保护作用的创新药物', '创新性、可行性评估已通过。', NULL, NOW(), NOW()),
(2, '丹复方心血管保护制剂开发', '丹参', '血府逐瘀汤', '冠心病心绞痛', 'VERIFICATION', 2, 2, '2024-03-01 00:00:00', 8000000.00, 1, '基于血府逐瘀汤，开发丹复方心血管保护制剂，用于冠心病心绞痛的辅助治疗', '临床前数据充分，建议推进。', NULL, NOW(), NOW()),
(3, '葛根素缓释制剂研究', '葛根', NULL, '高血压', 'EXPLORATION', 3, 2, '2024-02-20 00:00:00', 3000000.00, 2, '开发葛根素缓释制剂，提高葛根素生物利用度，用于高血压的长期治疗', '缓释剂型路线可行。', NULL, NOW(), NOW());

-- ========================
-- 项目成员数据
-- ========================
INSERT INTO `project_member` (`id`, `project_id`, `user_id`, `role`, `join_time`) VALUES
(1, 1, 1, 'LEAD', '2024-01-15 09:00:00'),
(2, 1, 2, 'MEMBER', '2024-01-15 09:00:00'),
(3, 1, 4, 'MEMBER', '2024-02-01 09:00:00'),
(4, 2, 2, 'LEAD', '2024-03-01 09:00:00'),
(5, 2, 3, 'MEMBER', '2024-03-01 09:00:00'),
(6, 3, 3, 'LEAD', '2024-02-20 09:00:00'),
(7, 3, 5, 'MEMBER', '2024-03-01 09:00:00');

-- ========================
-- 用户任务数据
-- ========================
INSERT INTO `user_task` (`id`, `user_id`, `project_id`, `title`, `description`, `priority`, `status`, `assignee_id`, `deadline`, `completion_feedback`, `create_time`, `update_time`) VALUES
(1, 1, 1, '审核神经保护新药申报资料', '整理申报材料', 1, 0, 1, '2024-04-01 17:00:00', NULL, NOW(), NOW()),
(2, 2, 1, '完成人参皂苷 Rg1 药效学评价报告', NULL, 1, 1, 2, '2024-03-30 17:00:00', NULL, NOW(), NOW()),
(3, 3, 2, '提交丹复方制剂工艺研究进展', NULL, 2, 0, 3, '2024-03-28 17:00:00', NULL, NOW(), NOW()),
(4, 4, 3, '审批葛根素制剂处方筛选结果', NULL, 2, 2, 4, '2024-03-15 17:00:00', '已归档', NOW(), NOW());

-- ========================
-- 用户收藏数据
-- ========================
INSERT INTO `user_favorite` (`id`, `user_id`, `favorite_id`, `favorite_type`, `create_time`) VALUES
(1, 1, 1, 'HERB', NOW()),
(2, 1, 2, 'HERB', NOW()),
(3, 1, 3, 'HERB', NOW()),
(4, 1, 5, 'FORMULA', NOW()),
(5, 1, 6, 'FORMULA', NOW()),
(6, 2, 1, 'HERB', NOW()),
(7, 2, 4, 'HERB', NOW()),
(8, 2, 5, 'FORMULA', NOW()),
(9, 3, 1, 'HERB', NOW()),
(10, 3, 3, 'HERB', NOW()),
(11, 3, 6, 'FORMULA', NOW());
