-- 中药新药研发辅助系统示例数据插入
-- 数据库：MySQL 8.0+

-- ========================
-- 中药材数据
-- ========================
INSERT INTO `herb` (`id`, `name`, `pinyin`, `aliases`, `source`, `medicinal_part`, `nature`, `taste`, `meridian`, `effects`, `indications`, `usage`, `processing`, `origin`, `toxicity`, `category`, `create_time`, `update_time`) VALUES
(1, '人参', 'ren shen', '神草、棒锤、山参', '五加科植物人参 Panax ginseng C.A.Mey.的干燥根和根茎', '根及根茎', '微温', '甘、微苦', '脾、肺、心、肾经', '大补元气，复脉固脱，补脾益肺，生津养血，安神益智', '用于气虚欲脱，脉微欲绝，脾虚食少，肺虚喘咳，津伤口渴，内热消渴，气血亏虚，失眠健忘', '3-9g，另炖兑服', '洗净切片或生用、炒用', '吉林、辽宁、黑龙江', 'NONE', '补气药', NOW(), NOW()),
(2, '甘草', 'gan cao', '甜草、国老、蜜草', '豆科植物甘草 Glycyrrhiza uralensis Fisch.、胀果甘草或光果甘草的干燥根和根茎', '根及根茎', '平', '甘', '心、肺、脾、胃经', '补脾益气，清热解毒，祛痰止咳，缓急止痛，调和诸药', '用于脾胃虚弱，倦怠乏力，心动悸，脉结代，咳嗽痰多，脘腹挛急疼痛，调和诸药', '2-10g', '生用或蜜炙用', '内蒙古、甘肃、新疆', 'NONE', '补气药', NOW(), NOW()),
(3, '黄连', 'huang lian', '连桥、王连、雅连', '毛茛科植物黄连、三角叶黄连或云连的干燥根茎', '根茎', '寒', '苦', '心、脾、胃、肝、胆、大肠经', '清热燥湿，泻火解毒', '用于湿热痞满，呕吐吞酸，高热神昏，心火亢盛，心烦不寐，血热吐衄，目赤吞酸，牙痛，痈肿疔疮', '2-5g', '姜汁炒或吴茱萸水炒', '四川、云南、陕西', 'NONE', '清热药', NOW(), NOW()),
(4, '当归', 'dang gui', '干归、马尾当归、秦归', '伞形科植物当归 Angelica sinensis (Oliv.) Diels 的干燥根', '根', '温', '甘、辛', '肝、心、脾经', '补血活血，调经止痛，润肠通便', '用于血虚萎黄，眩晕心悸，月经不调，经闭痛经，虚寒腹痛，风湿痹痛，跌扑损伤，肠燥便秘', '6-12g', '生用或酒炒、土炒', '甘肃、云南、四川', 'NONE', '补血药', NOW(), NOW()),
(5, '丹参', 'dan shen', '红丹参、赤参、紫丹参', '唇形科植物丹参 Salvia miltiorrhiza Bge.的干燥根和根茎', '根及根茎', '微寒', '苦', '心、肝经', '活血祛瘀，通经止痛，清心除烦，凉血消痈', '用于胸痹心痛，脘腹胁痛，瘕瘕积聚，热病烦躁神昏，心烦不眠，瘀滞腹痛，跌打损伤，疮疡肿痛', '9-15g', '生用或酒炙', '四川、河北、山东', 'NONE', '活血化瘀药', NOW(), NOW()),
(6, '黄芪', 'huang qi', '绵黄芪、金黄芪', '豆科植物蒙古黄芪或膜荚黄芪的干燥根', '根', '微温', '甘', '脾、肺经', '补气升阳，固表止汗，利水消肿，生津养血，托毒排脓', '用于气虚乏力，食少便溏，中气下陷，表虚自汗，气虚水肿，血虚萎黄，痈疽难溃', '9-30g', '生用或蜜炙', '内蒙古、山西、甘肃', 'NONE', '补气药', NOW(), NOW()),
(7, '白芍', 'bai shao', '金芍、毛芍', '毛茛科植物芍药 Paeonia lactiflora Pall.的干燥根', '根', '微寒', '苦、酸', '肝、脾经', '养血调经，敛阴止汗，柔肝止痛，平抑肝阳', '用于血虚萎黄，月经不调，自汗盗汗，胁痛，腹痛，四肢挛痛，肝阳上亢', '6-15g', '生用或炒用、酒炒', '浙江、安徽、四川', 'NONE', '补血药', NOW(), NOW()),
(8, '川芎', 'chuan xiong', '抚芎、香果、胡芎', '伞形科植物川芎 Ligusticum chuanxiong Hort.的干燥根茎', '根茎', '温', '辛', '肝、胆、心包经', '活血行气，祛风止痛', '用于胸痹心痛，胁痛，痛经经闭，瘕瘕腹痛，头痛，风湿痹痛', '3-10g', '生用', '四川', 'NONE', '活血化瘀药', NOW(), NOW()),
(9, '茯苓', 'fu ling', '茯灵、云苓、茯神', '多孔菌科真菌茯苓 Poria cocos (Schw.) Wolf 的干燥菌核', '菌核', '平', '甘、淡', '心、脾、肾经', '利水渗湿，健脾，宁心', '用于水肿尿少，痰饮眩悸，脾虚食少，便溏泄泻，心神不安，失眠健忘', '10-15g', '生用', '云南、安徽、湖北', 'NONE', '利水渗湿药', NOW(), NOW()),
(10, '半夏', 'ban xia', '蝎子草、地文', '天南星科植物半夏 Pinellia ternata (Thunb.) Breit.的干燥块茎', '块茎', '温', '辛', '脾、胃、肺经', '燥湿化痰，降逆止呕，消痞散结', '用于湿痰寒痰，咳喘痰多，痰饮眩悸，呕吐，心下痞，结胸，梅核气', '3-9g，需炮制后使用', '姜半夏、法半夏、清半夏', '四川、湖北、安徽', 'LOW', '化痰药', NOW(), NOW());

-- ========================
-- 方剂数据
-- ========================
INSERT INTO `formula` (`id`, `name`, `aliases`, `source`, `era`, `category`, `effects`, `indications`, `usage`, `jun_yao`, `chen_yao`, `zuo_yao`, `shi_yao`, `related_herbs`, `efficacy_score`, `create_time`, `update_time`) VALUES
(1, '四君子汤', '无', '《太平惠民和剂局方》', '宋代', '补益剂', '益气健脾', '脾胃气虚证，面色萎白，语声低微，气短乏力，食少便溏', '水煎服，日一剂', '[{"name":"人参","dose":"9g"}]', '[{"name":"白术","dose":"9g"},{"name":"茯苓","dose":"9g"}]', '[{"name":"甘草","dose":"6g"}]', '无', '["人参","白术","茯苓","甘草"]', 8.5, NOW(), NOW()),
(2, '四物汤', '补血汤', '《仙授理伤续断秘方》', '唐代', '补益剂', '补血调经', '营血虚滞证，月经不调，痛经，面色无华', '水煎服，日一剂', '[{"name":"熟地黄","dose":"12g"}]', '[{"name":"当归","dose":"10g"},{"name":"白芍","dose":"10g"}]', '[{"name":"川芎","dose":"6g"}]', '无', '["熟地黄","当归","白芍","川芎"]', 8.8, NOW(), NOW()),
(3, '桂枝汤', '无', '《伤寒论》', '东汉', '解表剂', '解肌发表，调和营卫', '外感风寒表虚证，发热头痛，汗出恶风，鼻鸣干呕', '水煎温服，服后啜热稀粥助汗', '[{"name":"桂枝","dose":"9g"}]', '[{"name":"芍药","dose":"9g"}]', '[{"name":"生姜","dose":"9g"},{"name":"大枣","dose":"4 枚"}]', '[{"name":"甘草","dose":"6g"}]', '["桂枝","芍药","生姜","大枣","甘草"]', 8.0, NOW(), NOW()),
(4, '麻黄汤', '无', '《伤寒论》', '东汉', '解表剂', '发汗解表，宣肺平喘', '外感风寒表实证，恶寒发热，头痛身痛，无汗而喘', '水煎服，日一剂', '[{"name":"麻黄","dose":"9g"}]', '[{"name":"桂枝","dose":"6g"}]', '[{"name":"杏仁","dose":"9g"}]', '[{"name":"甘草","dose":"3g"}]', '["麻黄","桂枝","杏仁","甘草"]', 7.8, NOW(), NOW()),
(5, '小柴胡汤', '无', '《伤寒论》', '东汉', '和解剂', '和解少阳，扶正祛邪', '少阳证，寒热往来，胸胁苦满，默默不欲饮食，心烦喜呕', '水煎服，日一剂', '[{"name":"柴胡","dose":"12g"}]', '[{"name":"黄芩","dose":"9g"}]', '[{"name":"半夏","dose":"9g"},{"name":"生姜","dose":"9g"}]', '[{"name":"人参","dose":"6g"},{"name":"甘草","dose":"6g"},{"name":"大枣","dose":"4 枚"}]', '["柴胡","黄芩","半夏","人参","甘草","生姜","大枣"]', 9.0, NOW(), NOW()),
(6, '六味地黄丸', '地黄丸', '《小儿药证直诀》', '宋代', '补益剂', '滋阴补肾', '肾阴亏损证，头晕耳鸣，腰膝酸软，骨蒸潮热，盗汗遗精', '水蜜丸，一次 6-9g，一日 2 次', '[{"name":"熟地黄","dose":"24g"}]', '[{"name":"山茱萸","dose":"12g"},{"name":"山药","dose":"12g"}]', '[{"name":"泽泻","dose":"9g"},{"name":"牡丹皮","dose":"9g"},{"name":"茯苓","dose":"9g"}]', '无', '["熟地黄","山茱萸","山药","泽泻","牡丹皮","茯苓"]', 9.2, NOW(), NOW());

-- ========================
-- 疾病数据
-- ========================
INSERT INTO `disease` (`id`, `name`, `tcm_name`, `category`, `severity`, `overview`, `clinical_manifestations`, `common_syndromes`, `common_formulas`, `common_herbs`, `create_time`, `update_time`) VALUES
(1, '2 型糖尿病', '消渴病', '内科', 'MODERATE', '以血浆葡萄糖水平升高为特征的代谢性疾病', '多饮、多食、多尿、体重减轻，口渴喜饮，小便频数', '[{"name":"肺热津伤"},{"name":"胃热炽盛"},{"name":"肾阴亏虚"}]', '["消渴方","玉液汤","六味地黄丸"]', '["天花粉","葛根","山药","黄芪","地黄"]', NOW(), NOW()),
(2, '高血压', '眩晕、头痛', '内科', 'MODERATE', '以体循环动脉血压持续升高为主要特征的临床综合征', '头晕、头痛、耳鸣、心悸、失眠，严重者可致心脑肾并发症', '[{"name":"肝阳上亢"},{"name":"痰湿中阻"},{"name":"肝肾阴虚"}]', '["天麻钩藤饮","半夏白术天麻汤","杞菊地黄丸"]', '["天麻","钩藤","石决明","半夏","白术"]', NOW(), NOW()),
(3, '冠心病', '胸痹', '内科', 'SEVERE', '冠状动脉粥样硬化性心脏病的简称', '胸闷、胸痛，甚则胸痛彻背，心悸气短，劳则尤甚', '[{"name":"气滞血瘀"},{"name":"痰浊闭阻"},{"name":"气阴两虚"}]', '["血府逐瘀汤","瓜蒌薤白半夏汤","生脉散"]', '["丹参","川芎","红花","三七","甘草"]', NOW(), NOW()),
(4, '慢性胃炎', '胃脘痛', '内科', 'MILD', '指各种病因引起的胃黏膜慢性炎症', '胃脘疼痛、胀满、隐痛、烧心、嗳气、纳差', '[{"name":"肝胃不和"},{"name":"脾胃虚弱"},{"name":"胃阴不足"}]', '["柴胡疏肝散","香砂六君子汤","益胃汤"]', '["柴胡","白芍","白术","党参","麦冬"]', NOW(), NOW()),
(5, '失眠', '不寐', '内科', 'MILD', '以经常不能获得正常睡眠为特征的一类病证', '睡眠障碍，入睡困难，易醒，早醒，多梦，醒后乏力', '[{"name":"肝火扰心"},{"name":"痰热扰心"},{"name":"心脾两虚"}]', '["龙胆泻肝汤","黄连温胆汤","归脾汤"]', '["酸枣仁","柏子仁","远志","茯苓","合欢皮"]', NOW(), NOW());

-- ========================
-- 化学成分数据
-- ========================
INSERT INTO `component` (`id`, `name`, `chemical_formula`, `molecular_weight`, `cas_number`, `bioactivity`, `source_herbs`, `pharmacological_effects`, `molecular_weight_da`, `logp`, `drug_like_score`, `create_time`, `update_time`) VALUES
(1, '人参皂苷 Rg1', 'C42H72O14', 780.99, '52286-59-2', '神经保护、抗疲劳、增强免疫', '["人参"]', '["神经保护","抗炎","抗氧化","改善记忆"]', 780.99, 2.85, 3, NOW(), NOW()),
(2, '人参皂苷 Rb1', 'C53H90O23', 1109.24, '41753-43-3', '调节血糖、改善心血管功能', '["人参"]', '["降血糖","心血管保护","抗疲劳","免疫调节"]', 1109.24, 3.12, 2, NOW(), NOW()),
(3, '甘草酸', 'C42H62O16', 822.93, '1405-86-3', '抗炎、抗过敏、抗病毒', '["甘草"]', '["抗炎","抗过敏","保肝","抗病毒","免疫调节"]', 822.93, 1.45, 2, NOW(), NOW()),
(4, '丹参酮 IIA', 'C19H18O3', 294.34, '50365-97-2', '活血化瘀、改善微循环', '["丹参"]', '["心血管保护","抗炎","抗氧化","抗纤维化","抗肿瘤"]', 294.34, 3.28, 4, NOW(), NOW()),
(5, '小檗碱', 'C20H18NO4', 336.37, '2086-83-1', '抗菌、降血糖、降血脂', '["黄连","黄柏","吴茱萸"]', '["抗菌","降血糖","降血脂","抗炎","心血管保护"]', 336.37, 1.24, 3, NOW(), NOW()),
(6, '黄芩苷', 'C21H18O11', 446.36, '21967-41-9', '抗炎、抗氧化、抗病毒', '["黄芩"]', '["抗炎","抗氧化","抗病毒","保肝","心血管保护"]', 446.36, 1.68, 3, NOW(), NOW()),
(7, '葛根素', 'C21H20O9', 416.38, '465-72-3', '改善心脑血管功能', '["葛根"]', '["心血管保护","扩张血管","降血糖","抗氧化","神经保护"]', 416.38, 1.05, 3, NOW(), NOW()),
(8, '阿魏酸', 'C10H10O4', 194.19, '21689-62-9', '抗血小板聚集、抗氧化', '["当归","川芎"]', '["抗血小板","抗氧化","抗炎","心血管保护"]', 194.19, 1.25, 4, NOW(), NOW());

-- ========================
-- 靶点通路数据
-- ========================
INSERT INTO `target_pathway` (`id`, `name`, `type`, `target_type`, `function`, `biological_process`, `pathway_name`, `pathway_category`, `related_diseases`, `related_components`, `evidence_level`, `create_time`, `update_time`) VALUES
(1, 'AMPK', 'TARGET', 'PROTEIN', 'AMP 激活蛋白激酶，细胞能量代谢的调节器', '能量代谢调节、细胞自噬、蛋白质合成', 'AMPK signaling pathway', 'Metabolism', '["2 型糖尿病","代谢综合征","肥胖症"]', '["人参皂苷 Rg1","人参皂苷 Rb1","小檗碱","黄芩苷"]', 'HIGH', NOW(), NOW()),
(2, 'PI3K/Akt', 'PATHWAY', 'PATHWAY', '调节细胞生长、增殖、代谢和存活的关键信号通路', '细胞增殖、细胞存活、代谢调节、血管生成', 'PI3K-Akt signaling pathway', 'Cellular Processes', '["冠心病","癌症","2 型糖尿病"]', '["丹参酮 IIA","人参皂苷 Rg1","小檗碱","葛根素"]', 'HIGH', NOW(), NOW()),
(3, 'NF-κB', 'PATHWAY', 'PATHWAY', '调控炎症反应、免疫应答和细胞存活', '炎症反应、免疫应答、细胞增殖、凋亡抑制', 'NF-kappa B signaling pathway', 'Immune System', '["慢性胃炎","类风湿关节炎","炎症性肠病"]', '["甘草酸","小檗碱","黄芩苷","丹参酮 IIA"]', 'HIGH', NOW(), NOW()),
(4, 'MAPK', 'PATHWAY', 'PATHWAY', '细胞信号转导通路，介导多种细胞过程', '细胞增殖、分化、应激反应、凋亡', 'MAPK signaling pathway', 'Cellular Processes', '["癌症","阿尔茨海默病","心血管疾病"]', '["人参皂苷 Rg1","人参皂苷 Rb1","葛根素"]', 'MEDIUM', NOW(), NOW()),
(5, '胰岛素信号通路', 'PATHWAY', 'PATHWAY', '调节葡萄糖代谢、脂质代谢和蛋白质合成', '葡萄糖代谢、脂质代谢、蛋白质合成', 'Insulin signaling pathway', 'Metabolism', '["2 型糖尿病","代谢综合征","肥胖症"]', '["人参皂苷 Rg1","人参皂苷 Rb1","小檗碱","葛根素"]', 'HIGH', NOW(), NOW());

-- ========================
-- 法规数据
-- ========================
INSERT INTO `regulation` (`id`, `name`, `name_english`, `regulation_number`, `issuing_authority`, `issuing_authority_type`, `regulation_type`, `category`, `effective_date`, `is_valid`, `applicable_field`, `summary`, `importance`, `create_time`, `update_time`) VALUES
(1, '中药新药临床研究指导原则', 'Guidelines for Clinical Research of New Chinese Medicines', '国食药监注 [2005]480 号', '国家食品药品监督管理局', 'NMPA', 'GUIDELINE', '临床研究', '2005-09-01', 1, '中药', '指导中药新药临床试验的设计、实施和评价', 1, NOW(), NOW()),
(2, '中药注册管理专门规定', 'Special Provisions on the Registration of Chinese Medicines', '国家市场监督管理总局令 第 65 号', '国家市场监督管理总局', 'NMPA', 'REGULATION', '注册管理', '2023-12-01', 1, '中药', '完善中药注册分类和申报资料要求', 1, NOW(), NOW()),
(3, '中药注册分类及申报资料要求', 'Classification and Requirements for Registration of Chinese Medicines', '2020 年第 68 号公告', '国家药品监督管理局', 'NMPA', 'NOTICE', '注册管理', '2020-07-01', 1, '中药', '明确中药注册分类和相应申报资料要求', 1, NOW(), NOW()),
(4, '中药新药处方药转非处方药评价指导原则', 'Guidelines for Evaluation of Prescription to OTC Switch of New Chinese Medicines', '药审中心公告 2021 年第 66 号', '国家药品监督管理局药品审评中心', 'NMPA', 'GUIDELINE', '上市后研究', '2021-06-01', 1, '中药', '指导中药处方药向非处方药转换的评估工作', 1, NOW(), NOW());

-- ========================
-- 用户数据
-- ========================
INSERT INTO `user` (`id`, `username`, `password`, `nickname`, `email`, `gender`, `status`, `create_time`, `update_time`) VALUES
(1, 'admin', '123456', '系统管理员', 'admin@medicine.com', 'MALE', 0, NOW(), NOW()),
(2, 'wangwei', '123456', '王伟', 'wangwei@medicine.com', 'MALE', 0, NOW(), NOW()),
(3, 'lixia', '123456', '李华', 'lixia@medicine.com', 'FEMALE', 0, NOW(), NOW()),
(4, 'zhangming', '123456', '张明', 'zhangming@medicine.com', 'MALE', 0, NOW(), NOW()),
(5, 'chenjing', '123456', '陈静', 'chenjing@medicine.com', 'FEMALE', 0, NOW(), NOW());

-- ========================
-- 项目数据
-- ========================
INSERT INTO `project` (`id`, `project_name`, `herb_name`, `formula_name`, `indication`, `phase`, `projector_id`, `status`, `start_time`, `budget`, `priority`, `description`, `ai_assess`, `ai_report`, `create_time`, `update_time`) VALUES
(1, '基于人参皂苷 Rg1 的神经保护新药研发', '人参', '六味地黄丸', '2 型糖尿病认知功能障碍', 'EXPLORATION', 1, 2, '2024-01-15 00:00:00', 5000000.00, 1, '针对 2 型糖尿病引起的认知功能障碍，开发基于人参皂苷 Rg1 神经保护作用的创新药物', '创新性、可行性评估已通过。', NULL, NOW(), NOW()),
(2, '丹复方心血管保护制剂开发', '丹参', '血府逐瘀汤', '冠心病心绞痛', 'VERIFICATION', 2, 2, '2024-03-01 00:00:00', 8000000.00, 1, '基于血府逐瘀汤，开发丹复方心血管保护制剂，用于冠心病心绞痛的辅助治疗', '临床前数据充分，建议推进。', NULL, NOW(), NOW()),
(3, '葛根素缓释制剂研究', '葛根', NULL, '高血压', 'EXPLORATION', 3, 2, '2024-02-20 00:00:00', 3000000.00, 2, '开发葛根素缓释制剂，提高葛根素生物利用度，用于高血压的长期治疗', '缓释剂型路线可行。', NULL, NOW(), NOW());

-- ========================
-- 项目成员数据
-- ========================
INSERT INTO `project_member` (`id`, `project_id`, `user_id`, `role`, `join_time`) VALUES
(1, 1, 1, 'LEAD', '2024-01-15 09:00:00'),
(2, 1, 2, 'MEMBER', '2024-01-15 09:00:00'),
(3, 1, 4, 'MEMBER', '2024-02-01 09:00:00'),
(4, 2, 2, 'LEAD', '2024-03-01 09:00:00'),
(5, 2, 3, 'MEMBER', '2024-03-01 09:00:00'),
(6, 3, 3, 'LEAD', '2024-02-20 09:00:00'),
(7, 3, 5, 'MEMBER', '2024-03-01 09:00:00');

-- ========================
-- 用户任务数据
-- ========================
INSERT INTO `user_task` (`id`, `user_id`, `project_id`, `title`, `description`, `priority`, `status`, `assignee_id`, `deadline`, `completion_feedback`, `create_time`, `update_time`) VALUES
(1, 1, 1, '审核神经保护新药申报资料', '整理申报材料', 1, 0, 1, '2024-04-01 17:00:00', NULL, NOW(), NOW()),
(2, 2, 1, '完成人参皂苷 Rg1 药效学评价报告', NULL, 1, 1, 2, '2024-03-30 17:00:00', NULL, NOW(), NOW()),
(3, 3, 2, '提交丹复方制剂工艺研究进展', NULL, 2, 0, 3, '2024-03-28 17:00:00', NULL, NOW(), NOW()),
(4, 4, 3, '审批葛根素制剂处方筛选结果', NULL, 2, 2, 4, '2024-03-15 17:00:00', '已归档', NOW(), NOW());

-- ========================
-- 用户收藏数据
-- ========================
INSERT INTO `user_favorite` (`id`, `user_id`, `favorite_id`, `favorite_type`, `create_time`) VALUES
(1, 1, 1, 'HERB', NOW()),
(2, 1, 2, 'HERB', NOW()),
(3, 1, 3, 'HERB', NOW()),
(4, 1, 5, 'FORMULA', NOW()),
(5, 1, 6, 'FORMULA', NOW()),
(6, 2, 1, 'HERB', NOW()),
(7, 2, 4, 'HERB', NOW()),
(8, 2, 5, 'FORMULA', NOW()),
(9, 3, 1, 'HERB', NOW()),
(10, 3, 3, 'HERB', NOW()),
(11, 3, 6, 'FORMULA', NOW());

-- ========================
-- 扩展数据：药材
-- ========================
INSERT INTO `herb` (`id`, `name`, `pinyin`, `aliases`, `source`, `medicinal_part`, `nature`, `taste`, `meridian`, `effects`, `indications`, `usage`, `processing`, `origin`, `toxicity`, `category`, `create_time`, `update_time`) VALUES
(11, '黄芩', 'huang qin', '子芩、条芩', '唇形科植物黄芩 Scutellaria baicalensis Georgi 的干燥根', '根', '寒', '苦', '肺、胆、脾、胃、大肠、小肠经', '清热燥湿，泻火解毒，止血，安胎', '湿温暑湿，胸闷呕恶，湿热痞满，泻痢，肺热咳嗽，高热烦渴，胎动不安', '6-10g', '生用、酒炒或炒炭', '河北、山西、陕西', 'NONE', '清热药', NOW(), NOW()),
(12, '葛根', 'ge gen', '干葛、粉葛', '豆科植物野葛 Pueraria lobata 的干燥根', '根', '凉', '甘、辛', '脾、胃经', '解肌退热，生津止渴，升阳止泻，通经活络', '外感发热头痛，项背强痛，口渴，消渴，热痢泄泻', '10-15g', '切片生用', '广西、广东、云南', 'NONE', '解表药', NOW(), NOW()),
(13, '天麻', 'tian ma', '赤箭、定风草', '兰科植物天麻 Gastrodia elata 的干燥块茎', '块茎', '平', '甘', '肝经', '息风止痉，平抑肝阳，祛风通络', '眩晕头痛，肢体麻木，小儿惊风，癫痫抽搐', '3-10g', '蒸透切片', '贵州、云南、四川', 'NONE', '平肝息风药', NOW(), NOW()),
(14, '三七', 'san qi', '田七、金不换', '五加科植物三七 Panax notoginseng 的干燥根和根茎', '根及根茎', '温', '甘、微苦', '肝、胃经', '散瘀止血，消肿定痛', '咯血吐血，外伤出血，胸腹刺痛，跌扑肿痛', '3-9g', '生用或熟用', '云南文山', 'NONE', '止血药', NOW(), NOW()),
(15, '黄柏', 'huang bai', '关黄柏、川黄柏', '芸香科植物黄皮树或黄檗的干燥树皮', '树皮', '寒', '苦', '肾、膀胱经', '清热燥湿，泻火除蒸，解毒疗疮', '湿热泻痢，黄疸，带下，热淋，脚气，骨蒸劳热，疮疡肿毒', '3-12g', '生用、盐炙或炒炭', '四川、湖北、贵州', 'NONE', '清热药', NOW(), NOW()),
(16, '泽泻', 'ze xie', '水泻、泽芝', '泽泻科植物泽泻 Alisma orientale 的干燥块茎', '块茎', '寒', '甘、淡', '肾、膀胱经', '利水渗湿，泄热', '小便不利，水肿胀满，泄泻尿少，痰饮眩晕，热淋涩痛', '6-10g', '生用或盐炙', '福建、四川、江西', 'NONE', '利水渗湿药', NOW(), NOW()),
(17, '山茱萸', 'shan zhu yu', '枣皮、药枣', '山茱萸科植物山茱萸 Cornus officinalis 的干燥成熟果肉', '果肉', '微温', '酸、涩', '肝、肾经', '补益肝肾，收敛固涩', '眩晕耳鸣，腰膝酸痛，遗精滑精，遗尿尿频，崩漏带下', '6-12g', '酒蒸或制炭', '浙江、河南、陕西', 'NONE', '补益药', NOW(), NOW()),
(18, '牡丹皮', 'mu dan pi', '丹皮、粉丹皮', '毛茛科植物牡丹 Paeonia suffruticosa 的干燥根皮', '根皮', '微寒', '苦、辛', '心、肝、肾经', '清热凉血，活血化瘀', '温毒发斑，吐血衄血，夜热早凉，瘀血经闭，痈肿疮毒', '6-12g', '生用', '安徽、河南、山东', 'NONE', '清热药', NOW(), NOW());

-- ========================
-- 扩展数据：方剂
-- ========================
INSERT INTO `formula` (`id`, `name`, `aliases`, `source`, `era`, `category`, `effects`, `indications`, `usage`, `jun_yao`, `chen_yao`, `zuo_yao`, `shi_yao`, `related_herbs`, `efficacy_score`, `create_time`, `update_time`) VALUES
(7, '天麻钩藤饮', '无', '《杂病证治新义》', '近代', '平肝息风剂', '平肝熄风，清热活血，补益肝肾', '肝阳偏亢，头痛眩晕，耳鸣眼花，失眠多梦', '水煎服，日一剂', '[{"name":"天麻","dose":"10g"}]', '[{"name":"钩藤","dose":"12g"},{"name":"石决明","dose":"18g"}]', '[{"name":"黄芩","dose":"9g"},{"name":"栀子","dose":"9g"}]', '[{"name":"牛膝","dose":"12g"}]', '["天麻","钩藤","黄芩","牛膝"]', 8.9, NOW(), NOW()),
(8, '血府逐瘀汤', '无', '《医林改错》', '清代', '活血化瘀剂', '活血祛瘀，行气止痛', '胸中血瘀证，胸痛头痛，日久不愈，痛如针刺', '水煎服，日一剂', '[{"name":"桃仁","dose":"12g"}]', '[{"name":"红花","dose":"9g"},{"name":"当归","dose":"10g"}]', '[{"name":"川芎","dose":"6g"},{"name":"赤芍","dose":"10g"}]', '[{"name":"甘草","dose":"6g"}]', '["桃仁","红花","当归","川芎","赤芍","甘草"]', 8.7, NOW(), NOW()),
(9, '杞菊地黄丸', '无', '《医级》', '清代', '补益剂', '滋肾养肝', '肝肾阴亏，眩晕耳鸣，羞明畏光，迎风流泪', '水蜜丸，一次 6-9g，一日 2 次', '[{"name":"熟地黄","dose":"24g"}]', '[{"name":"山茱萸","dose":"12g"},{"name":"山药","dose":"12g"}]', '[{"name":"枸杞子","dose":"12g"},{"name":"菊花","dose":"10g"}]', '[{"name":"泽泻","dose":"9g"},{"name":"牡丹皮","dose":"9g"},{"name":"茯苓","dose":"9g"}]', '["熟地黄","山茱萸","山药","枸杞子","菊花","泽泻","牡丹皮","茯苓"]', 8.6, NOW(), NOW()),
(10, '半夏白术天麻汤', '无', '《医学心悟》', '清代', '化痰息风剂', '燥湿化痰，平肝息风', '风痰上扰证，眩晕头痛，胸膈痞闷，恶心呕吐', '水煎服，日一剂', '[{"name":"半夏","dose":"9g"}]', '[{"name":"白术","dose":"10g"},{"name":"天麻","dose":"10g"}]', '[{"name":"茯苓","dose":"12g"},{"name":"陈皮","dose":"6g"}]', '[{"name":"甘草","dose":"6g"}]', '["半夏","白术","天麻","茯苓","陈皮","甘草"]', 8.4, NOW(), NOW()),
(11, '玉液汤', '无', '《医学衷中参西录》', '近代', '补益剂', '益气养阴，固肾止渴', '消渴气阴两虚证，口渴多饮，小便频数，倦怠乏力', '水煎服，日一剂', '[{"name":"黄芪","dose":"30g"}]', '[{"name":"山药","dose":"30g"}]', '[{"name":"葛根","dose":"15g"},{"name":"天花粉","dose":"12g"}]', '[{"name":"甘草","dose":"6g"}]', '["黄芪","山药","葛根","天花粉","甘草"]', 8.8, NOW(), NOW()),
(12, '归脾汤', '无', '《济生方》', '宋代', '补益剂', '益气补血，健脾养心', '心脾两虚，心悸怔忡，失眠健忘，食少乏力，面色萎黄', '水煎服，日一剂', '[{"name":"黄芪","dose":"15g"}]', '[{"name":"党参","dose":"10g"},{"name":"白术","dose":"10g"}]', '[{"name":"当归","dose":"10g"},{"name":"酸枣仁","dose":"12g"}]', '[{"name":"炙甘草","dose":"6g"}]', '["黄芪","党参","白术","当归","酸枣仁","炙甘草"]', 9.1, NOW(), NOW());

-- ========================
-- 扩展数据：疾病
-- ========================
INSERT INTO `disease` (`id`, `name`, `tcm_name`, `category`, `severity`, `overview`, `clinical_manifestations`, `common_syndromes`, `common_formulas`, `common_herbs`, `create_time`, `update_time`) VALUES
(6, '阿尔茨海默病', '痴呆', '神经内科', 'SEVERE', '一种以进行性认知功能下降为特征的神经退行性疾病', '记忆力下降，执行功能减退，定向力障碍，行为情绪改变', '[{"name":"髓海不足"},{"name":"痰瘀阻窍"},{"name":"肝肾亏虚"}]', '["洗心汤","补阳还五汤","归脾汤"]', '["石菖蒲","远志","丹参","黄芪","人参"]', NOW(), NOW()),
(7, '非酒精性脂肪性肝病', '胁痛、积聚', '消化内科', 'MODERATE', '与胰岛素抵抗和代谢综合征密切相关的慢性肝病', '乏力，右上腹不适，肝功能异常，影像学提示脂肪肝', '[{"name":"湿热内蕴"},{"name":"痰瘀互结"},{"name":"肝郁脾虚"}]', '["茵陈蒿汤","柴胡疏肝散","丹栀逍遥散"]', '["茵陈","泽泻","丹参","柴胡","黄芩"]', NOW(), NOW()),
(8, '慢性肾脏病', '水肿、腰痛', '肾内科', 'SEVERE', '各种病因引起的慢性肾结构和功能异常', '浮肿，乏力，夜尿增多，蛋白尿，血肌酐升高', '[{"name":"脾肾阳虚"},{"name":"肝肾阴虚"},{"name":"湿浊瘀阻"}]', '["真武汤","六味地黄丸","济生肾气丸"]', '["黄芪","茯苓","泽泻","山茱萸","丹参"]', NOW(), NOW()),
(9, '抑郁障碍', '郁证', '精神心理', 'MODERATE', '以显著而持久的情绪低落为核心症状的精神障碍', '情绪低落，兴趣减退，睡眠障碍，乏力，食欲改变', '[{"name":"肝气郁结"},{"name":"心脾两虚"},{"name":"痰气郁结"}]', '["柴胡疏肝散","逍遥散","甘麦大枣汤"]', '["柴胡","白芍","香附","郁金","合欢皮"]', NOW(), NOW()),
(10, '骨关节炎', '痹证', '骨科', 'MODERATE', '以关节软骨退行性变和继发骨质增生为特点的慢性关节病', '关节疼痛僵硬，活动受限，晨僵，劳累后加重', '[{"name":"风寒湿痹"},{"name":"肝肾不足"},{"name":"瘀血阻络"}]', '["独活寄生汤","身痛逐瘀汤","补肾壮骨方"]', '["独活","杜仲","牛膝","当归","川芎"]', NOW(), NOW());

-- ========================
-- 扩展数据：化学成分
-- ========================
INSERT INTO `component` (`id`, `name`, `chemical_formula`, `molecular_weight`, `cas_number`, `bioactivity`, `source_herbs`, `pharmacological_effects`, `molecular_weight_da`, `logp`, `drug_like_score`, `create_time`, `update_time`) VALUES
(9, '黄芪甲苷', 'C41H68O14', 784.97, '83207-58-3', '免疫调节、抗纤维化、心肾保护', '["黄芪"]', '["免疫调节","抗炎","抗纤维化","心肌保护"]', 784.97, 2.31, 3, NOW(), NOW()),
(10, '丹酚酸 B', 'C36H30O16', 718.62, '115939-25-8', '抗氧化、改善微循环、抗纤维化', '["丹参"]', '["抗氧化","抗炎","抗纤维化","血管内皮保护"]', 718.62, 1.12, 2, NOW(), NOW()),
(11, '芍药苷', 'C23H28O11', 480.46, '23180-57-6', '镇痛、抗炎、免疫调节', '["白芍"]', '["抗炎","镇痛","免疫调节","神经保护"]', 480.46, 0.86, 3, NOW(), NOW()),
(12, '天麻素', 'C13H18O7', 286.28, '62499-27-8', '神经保护、改善认知、抗惊厥', '["天麻"]', '["神经保护","抗氧化","改善认知","抗炎"]', 286.28, -0.08, 4, NOW(), NOW()),
(13, '三七皂苷 R1', 'C47H80O18', 933.12, '80418-24-2', '改善循环、抗血小板聚集、心脑保护', '["三七"]', '["抗血小板","抗炎","抗氧化","心脑血管保护"]', 933.12, 2.76, 2, NOW(), NOW()),
(14, '黄柏碱', 'C20H24NO4', 342.41, '3486-67-7', '抗菌、抗炎、抑制脂肪生成', '["黄柏"]', '["抗菌","抗炎","代谢调节","保肝"]', 342.41, 1.74, 3, NOW(), NOW()),
(15, '齐墩果酸', 'C30H48O3', 456.70, '508-02-1', '保肝、抗炎、降脂', '["山茱萸"]', '["保肝","抗炎","抗氧化","降脂"]', 456.70, 5.62, 3, NOW(), NOW());

-- ========================
-- 扩展数据：靶点通路
-- ========================
INSERT INTO `target_pathway` (`id`, `name`, `type`, `target_type`, `function`, `biological_process`, `pathway_name`, `pathway_category`, `related_diseases`, `related_components`, `evidence_level`, `create_time`, `update_time`) VALUES
(6, 'Nrf2/ARE', 'PATHWAY', 'PATHWAY', '氧化应激应答核心转录调控通路', '抗氧化应激、解毒酶表达上调、细胞保护', 'Nrf2 signaling pathway', 'Cellular Stress Response', '["阿尔茨海默病","非酒精性脂肪性肝病","慢性肾脏病"]', '["丹酚酸 B","天麻素","黄芪甲苷"]', 'HIGH', NOW(), NOW()),
(7, 'TLR4', 'TARGET', 'RECEPTOR', '先天免疫识别受体，介导炎症信号转导', '炎症反应激活、细胞因子释放', 'Toll-like receptor signaling pathway', 'Immune System', '["慢性胃炎","骨关节炎","抑郁障碍"]', '["甘草酸","黄芩苷","黄柏碱"]', 'MEDIUM', NOW(), NOW()),
(8, 'SIRT1', 'TARGET', 'PROTEIN', '去乙酰化酶，调控代谢稳态与炎症反应', '线粒体功能调节、衰老相关通路调控', 'Longevity regulating pathway', 'Metabolism', '["2 型糖尿病","非酒精性脂肪性肝病","阿尔茨海默病"]', '["葛根素","白藜芦醇类似成分","天麻素"]', 'MEDIUM', NOW(), NOW()),
(9, 'JAK/STAT', 'PATHWAY', 'PATHWAY', '介导细胞因子受体信号传递', '免疫炎症调控、细胞增殖分化', 'JAK-STAT signaling pathway', 'Immune System', '["类风湿关节炎","慢性肾脏病","抑郁障碍"]', '["黄芪甲苷","芍药苷","丹酚酸 B"]', 'MEDIUM', NOW(), NOW()),
(10, 'VEGF', 'TARGET', 'PROTEIN', '血管内皮生长因子，调控血管生成与通透性', '血管新生、组织修复、缺血再灌注应答', 'VEGF signaling pathway', 'Cardiovascular', '["冠心病","糖尿病血管并发症","脑缺血"]', '["丹参酮 IIA","三七皂苷 R1","葛根素"]', 'HIGH', NOW(), NOW()),
(11, 'TGF-β/Smad', 'PATHWAY', 'PATHWAY', '纤维化关键通路，参与组织重塑与炎症后修复', '细胞外基质沉积、纤维化进展', 'TGF-beta signaling pathway', 'Cellular Processes', '["慢性肾脏病","肝纤维化","心肌纤维化"]', '["黄芪甲苷","丹酚酸 B","甘草酸"]', 'HIGH', NOW(), NOW());

-- ========================
-- 扩展数据：法规
-- ========================
INSERT INTO `regulation` (`id`, `name`, `name_english`, `regulation_number`, `issuing_authority`, `issuing_authority_type`, `regulation_type`, `category`, `effective_date`, `is_valid`, `applicable_field`, `summary`, `importance`, `create_time`, `update_time`) VALUES
(5, '中药新药质量控制研究技术指导原则（试行）', 'Technical Guidelines for Quality Control Research of New Chinese Medicines', '药审中心通告 2023 年第 39 号', '国家药品监督管理局药品审评中心', 'NMPA', 'GUIDELINE', '药学研究', '2023-07-01', 1, '中药', '规范中药新药全生命周期质量研究与关键质量属性论证', 1, NOW(), NOW()),
(6, '药物非临床研究质量管理规范（GLP）', 'Good Laboratory Practice for Non-clinical Laboratory Studies', '国家市场监督管理总局令 第 34 号', '国家市场监督管理总局', 'NMPA', 'REGULATION', '非临床研究', '2021-05-01', 1, '中药', '明确非临床安全性评价机构、人员、设施与数据完整性要求', 1, NOW(), NOW()),
(7, '药物临床试验质量管理规范（GCP）', 'Good Clinical Practice for Drug Trials', '国家药监局 国家卫健委令 第 57 号', '国家药品监督管理局', 'NMPA', 'REGULATION', '临床研究', '2020-07-01', 1, '中药', '规范药物临床试验全过程，强调受试者保护与数据可靠性', 1, NOW(), NOW()),
(8, '中药新药药学研究一般技术要求', 'General Technical Requirements for Pharmaceutical Research of New Chinese Medicines', '药审中心技术要求 2022 版', '国家药品监督管理局药品审评中心', 'NMPA', 'NOTICE', '药学研究', '2022-11-01', 1, '中药', '明确提取、纯化、制剂、稳定性与质量标准研究的基本要求', 1, NOW(), NOW()),
(9, '中药注册核查要点与常见问题答疑（试行）', 'Inspection Points and FAQ for Chinese Medicine Registration', '药审中心公告 2024 年第 12 号', '国家药品监督管理局药品审评中心', 'NMPA', 'ANNOUNCEMENT', '注册管理', '2024-03-15', 1, '中药', '梳理中药注册审评核查中的共性问题，提高申报资料规范性', 0, NOW(), NOW());

-- ========================
-- 扩展数据：用户（补足至 10 人）
-- ========================
INSERT INTO `user` (`id`, `username`, `password`, `nickname`, `email`, `gender`, `status`, `create_time`, `update_time`) VALUES
(6, 'zhaolei', '123456', '赵磊', 'zhaolei@medicine.com', 'MALE', 0, NOW(), NOW()),
(7, 'liuna', '123456', '刘娜', 'liuna@medicine.com', 'FEMALE', 0, NOW(), NOW()),
(8, 'sunhao', '123456', '孙浩', 'sunhao@medicine.com', 'MALE', 0, NOW(), NOW()),
(9, 'wuying', '123456', '吴颖', 'wuying@medicine.com', 'FEMALE', 0, NOW(), NOW()),
(10, 'yangbo', '123456', '杨博', 'yangbo@medicine.com', 'MALE', 0, NOW(), NOW());

-- ========================
-- 扩展数据：项目
-- ========================
INSERT INTO `project` (`id`, `project_name`, `herb_name`, `formula_name`, `indication`, `phase`, `projector_id`, `status`, `start_time`, `budget`, `priority`, `description`, `ai_assess`, `ai_report`, `create_time`, `update_time`) VALUES
(4, '黄芩苷抗炎肠道制剂开发', '黄芩', '葛根芩连汤', '溃疡性结肠炎', 'VERIFICATION', 6, 2, '2024-04-10 00:00:00', 6200000.00, 1, '聚焦黄芩苷的抗炎机制，开展肠道靶向递送系统开发与药效评价', '动物模型抗炎趋势明确，建议进入工艺放大。', NULL, NOW(), NOW()),
(5, '天麻素认知改善胶囊研究', '天麻', NULL, '轻度认知障碍', 'EXPLORATION', 7, 2, '2024-05-06 00:00:00', 4200000.00, 2, '围绕天麻素神经保护作用，建立认知障碍相关行为学与生物标志物评价体系', '作用机制与临床需求匹配度较高。', NULL, NOW(), NOW()),
(6, '三七皂苷抗血栓复方优化项目', '三七', '血府逐瘀汤', '缺血性脑卒中二级预防', 'OPTIMIZATION', 8, 2, '2024-04-18 00:00:00', 9600000.00, 1, '开展三七皂苷与活血类中药协同方案筛选，优化剂量配比与质量控制指标', '药效显著但需加强出血风险监测。', NULL, NOW(), NOW()),
(7, '黄芪-丹参心肾同治制剂', '黄芪', NULL, '糖尿病肾病', 'VERIFICATION', 9, 2, '2024-06-01 00:00:00', 7800000.00, 1, '基于益气活血思路构建复方，评估肾脏纤维化与代谢改善双重终点', '建议增加慢病长期给药安全性观察。', NULL, NOW(), NOW()),
(8, '山茱萸抗衰老活性组分研究', '山茱萸', NULL, '衰弱综合征', 'EXPLORATION', 10, 1, '2024-07-12 00:00:00', 3500000.00, 3, '筛选山茱萸中关键活性组分，建立抗衰老体内外评价模型', '探索方向明确，建议补充代谢组学证据。', NULL, NOW(), NOW()),
(9, '黄柏碱代谢综合征干预项目', '黄柏', NULL, '代谢综合征', 'EXPLORATION', 6, 1, '2024-08-05 00:00:00', 4800000.00, 2, '围绕黄柏碱调脂降糖潜力开展药效与机制研究，探索联合用药策略', '具有转化潜力，需强化药代数据支撑。', NULL, NOW(), NOW()),
(10, '泽泻-葛根降脂复方临床前评价', '泽泻', NULL, '高脂血症', 'DECLARATION', 2, 2, '2023-11-10 00:00:00', 11200000.00, 1, '完成复方工艺定型与药效学研究，进入申报资料完善阶段', '资料完整性较高，建议尽快完成稳定性补充试验。', NULL, NOW(), NOW());

-- ========================
-- 扩展数据：项目成员
-- ========================
INSERT INTO `project_member` (`id`, `project_id`, `user_id`, `role`, `join_time`) VALUES
(8, 4, 6, 'LEAD', '2024-04-10 09:00:00'),
(9, 4, 7, 'MEMBER', '2024-04-12 09:00:00'),
(10, 4, 1, 'REVIEWER', '2024-04-20 09:00:00'),
(11, 5, 7, 'LEAD', '2024-05-06 09:00:00'),
(12, 5, 8, 'MEMBER', '2024-05-10 09:00:00'),
(13, 5, 3, 'OBSERVER', '2024-05-12 09:00:00'),
(14, 6, 8, 'LEAD', '2024-04-18 09:00:00'),
(15, 6, 2, 'MEMBER', '2024-04-18 09:00:00'),
(16, 6, 4, 'MEMBER', '2024-04-21 09:00:00'),
(17, 7, 9, 'LEAD', '2024-06-01 09:00:00'),
(18, 7, 6, 'MEMBER', '2024-06-03 09:00:00'),
(19, 7, 10, 'REVIEWER', '2024-06-10 09:00:00'),
(20, 8, 10, 'LEAD', '2024-07-12 09:00:00'),
(21, 8, 7, 'MEMBER', '2024-07-14 09:00:00'),
(22, 9, 6, 'LEAD', '2024-08-05 09:00:00'),
(23, 10, 2, 'LEAD', '2023-11-10 09:00:00'),
(24, 10, 5, 'MEMBER', '2023-11-12 09:00:00');

-- ========================
-- 扩展数据：用户任务
-- ========================
INSERT INTO `user_task` (`id`, `user_id`, `project_id`, `title`, `description`, `priority`, `status`, `assignee_id`, `deadline`, `completion_feedback`, `create_time`, `update_time`) VALUES
(5, 6, 4, '完成黄芩苷肠道递送处方筛选', '比较三种辅料体系的包封率和释放曲线', 1, 1, 6, '2024-05-30 17:00:00', NULL, NOW(), NOW()),
(6, 7, 5, '建立认知障碍动物行为学评估 SOP', '统一水迷宫与新物体识别测试流程', 2, 0, 7, '2024-06-08 17:00:00', NULL, NOW(), NOW()),
(7, 8, 6, '提交三七皂苷抗血小板实验报告', '包含凝血指标与出血时间评估', 1, 0, 8, '2024-05-25 17:00:00', NULL, NOW(), NOW()),
(8, 9, 7, '整理糖肾项目肾功能生物标志物数据', '汇总尿白蛋白、肌酐清除率和病理评分', 1, 1, 9, '2024-06-20 17:00:00', NULL, NOW(), NOW()),
(9, 10, 8, '筛选山茱萸活性成分指纹峰', '完成 HPLC 条件优化与方法学初验证', 2, 0, 10, '2024-08-02 17:00:00', NULL, NOW(), NOW()),
(10, 2, 10, '补充泽泻复方稳定性 6 个月数据', '补齐长期与加速稳定性关键指标', 1, 1, 2, '2024-04-20 17:00:00', NULL, NOW(), NOW()),
(11, 1, 6, '复核抗血栓项目伦理与合规材料', '重点核查样本来源与动物实验记录', 2, 2, 1, '2024-05-05 17:00:00', '已通过内部审查', NOW(), NOW()),
(12, 3, 4, '更新黄芩苷项目中期里程碑计划', '同步预算消耗与进度偏差说明', 3, 0, 3, '2024-05-18 17:00:00', NULL, NOW(), NOW()),
(13, 5, 7, '完成糖肾项目统计分析方案评审', '评审主要终点与亚组分析设置', 2, 0, 5, '2024-06-22 17:00:00', NULL, NOW(), NOW()),
(14, 4, 9, '提交黄柏碱项目机制验证实验设计', '聚焦 AMPK 与炎症通路双靶点验证', 2, 1, 4, '2024-08-28 17:00:00', NULL, NOW(), NOW());

-- ========================
-- 扩展数据：用户收藏
-- ========================
INSERT INTO `user_favorite` (`id`, `user_id`, `favorite_id`, `favorite_type`, `create_time`) VALUES
(12, 6, 11, 'HERB', NOW()),
(13, 6, 7, 'FORMULA', NOW()),
(14, 7, 13, 'HERB', NOW()),
(15, 7, 12, 'FORMULA', NOW()),
(16, 8, 14, 'HERB', NOW()),
(17, 8, 8, 'FORMULA', NOW()),
(18, 9, 15, 'HERB', NOW()),
(19, 9, 6, 'DISEASE', NOW()),
(20, 10, 16, 'HERB', NOW()),
(21, 10, 10, 'COMPONENT', NOW());

-- ========================
-- 扩展数据2：药材（补充至 100+）
-- ========================
INSERT INTO `herb` (`id`, `name`, `pinyin`, `aliases`, `source`, `medicinal_part`, `nature`, `taste`, `meridian`, `effects`, `indications`, `usage`, `processing`, `origin`, `toxicity`, `category`, `create_time`, `update_time`) VALUES
(19, '白术', 'bai zhu', '于术、冬术', '菊科植物白术的干燥根茎', '根茎', '温', '甘、苦', '脾、胃经', '健脾益气，燥湿利水，止汗安胎', '脾虚食少，腹胀泄泻，痰饮眩悸，表虚自汗', '6-12g', '生用或麸炒', '浙江、安徽', 'NONE', '补气药', NOW(), NOW()),
(20, '苍术', 'cang zhu', '赤术、茅术', '菊科植物茅苍术或北苍术的干燥根茎', '根茎', '温', '辛、苦', '脾、胃、肝经', '燥湿健脾，祛风散寒，明目', '湿阻中焦，脘腹胀满，风湿痹痛，夜盲', '4-9g', '生用或麸炒', '江苏、湖北、内蒙古', 'NONE', '化湿药', NOW(), NOW()),
(21, '党参', 'dang shen', '潞党参、台党参', '桔梗科植物党参的干燥根', '根', '平', '甘', '脾、肺经', '补中益气，健脾益肺，生津养血', '脾肺虚弱，气短乏力，食少便溏', '9-30g', '切段生用', '山西、甘肃、四川', 'NONE', '补气药', NOW(), NOW()),
(22, '太子参', 'tai zi shen', '孩儿参', '石竹科植物孩儿参的干燥块根', '块根', '平', '甘、微苦', '脾、肺经', '益气健脾，生津润肺', '气阴两虚，倦怠乏力，口干咳嗽', '9-30g', '生用', '江苏、安徽', 'NONE', '补气药', NOW(), NOW()),
(23, '西洋参', 'xi yang shen', '花旗参', '五加科植物西洋参的干燥根', '根', '凉', '甘、微苦', '心、肺、肾经', '补气养阴，清热生津', '气阴两伤，内热消渴，咳喘痰血', '3-6g', '另煎兑服', '加拿大、美国、吉林', 'NONE', '补气药', NOW(), NOW()),
(24, '麦冬', 'mai dong', '麦门冬', '百合科植物麦冬的干燥块根', '块根', '微寒', '甘、微苦', '心、肺、胃经', '养阴润肺，益胃生津，清心除烦', '肺燥干咳，阴虚劳嗽，咽干口渴', '6-12g', '生用', '浙江、四川', 'NONE', '养阴药', NOW(), NOW()),
(25, '天冬', 'tian dong', '天门冬', '百合科植物天冬的干燥块根', '块根', '寒', '甘、苦', '肺、肾经', '养阴润燥，清肺生津', '阴虚发热，肺燥干咳，肠燥便秘', '6-12g', '生用', '贵州、四川', 'NONE', '养阴药', NOW(), NOW()),
(26, '五味子', 'wu wei zi', '北五味子', '木兰科植物五味子的干燥成熟果实', '果实', '温', '酸、甘', '肺、心、肾经', '收敛固涩，益气生津，补肾宁心', '久咳虚喘，自汗盗汗，遗精滑精', '2-6g', '生用', '辽宁、吉林', 'NONE', '收涩药', NOW(), NOW()),
(27, '枸杞子', 'gou qi zi', '杞子', '茄科植物宁夏枸杞的干燥成熟果实', '果实', '平', '甘', '肝、肾经', '滋补肝肾，益精明目', '腰膝酸软，眩晕耳鸣，视物昏花', '6-12g', '生用', '宁夏、甘肃', 'NONE', '补益药', NOW(), NOW()),
(28, '女贞子', 'nv zhen zi', '冬青子', '木犀科植物女贞的干燥成熟果实', '果实', '凉', '甘、苦', '肝、肾经', '滋补肝肾，明目乌发', '肝肾阴虚，眩晕耳鸣，须发早白', '6-12g', '盐炙', '江苏、浙江', 'NONE', '补益药', NOW(), NOW()),
(29, '何首乌', 'he shou wu', '首乌', '蓼科植物何首乌的干燥块根', '块根', '微温', '苦、甘、涩', '肝、肾经', '补肝肾，益精血，乌须发', '血虚萎黄，眩晕耳鸣，腰膝酸软', '6-12g', '制首乌', '河南、湖北', 'LOW', '补益药', NOW(), NOW()),
(30, '熟地黄', 'shu di huang', '熟地', '玄参科植物地黄的炮制加工品', '根', '微温', '甘', '肝、肾经', '补血滋阴，益精填髓', '血虚萎黄，心悸怔忡，肾阴不足', '9-15g', '酒炖熟制', '河南', 'NONE', '补血药', NOW(), NOW()),
(31, '生地黄', 'sheng di huang', '生地', '玄参科植物地黄的新鲜或干燥块根', '根', '寒', '甘、苦', '心、肝、肾经', '清热凉血，养阴生津', '热入营血，口干舌绛，阴虚内热', '10-15g', '生用', '河南', 'NONE', '清热药', NOW(), NOW()),
(32, '山药', 'shan yao', '淮山药', '薯蓣科植物薯蓣的干燥根茎', '根茎', '平', '甘', '脾、肺、肾经', '补脾养胃，生津益肺，补肾涩精', '脾虚食少，久泻不止，肺虚咳喘', '15-30g', '生用或炒用', '河南、安徽', 'NONE', '补益药', NOW(), NOW()),
(33, '山楂', 'shan zha', '山里红', '蔷薇科植物山楂的干燥成熟果实', '果实', '微温', '酸、甘', '脾、胃、肝经', '消食化积，活血散瘀', '肉食积滞，脘腹胀痛，瘀血经闭', '9-12g', '生用或炒炭', '山东、河北', 'NONE', '消食药', NOW(), NOW()),
(34, '陈皮', 'chen pi', '橘皮', '芸香科植物橘及其栽培变种的干燥成熟果皮', '果皮', '温', '辛、苦', '脾、肺经', '理气健脾，燥湿化痰', '脘腹胀满，食少吐泻，咳嗽痰多', '6-10g', '陈久入药', '广东、福建', 'NONE', '理气药', NOW(), NOW()),
(35, '青皮', 'qing pi', '四花青皮', '芸香科植物橘及其栽培变种的幼果果皮', '果皮', '温', '苦、辛', '肝、胆、胃经', '疏肝破气，消积化滞', '胸胁胀痛，食积气滞，疝气疼痛', '3-10g', '醋炙', '广东、四川', 'NONE', '理气药', NOW(), NOW()),
(36, '枳实', 'zhi shi', '鹅眼枳实', '芸香科植物酸橙及其栽培变种的幼果', '果实', '微寒', '苦、辛', '脾、胃、大肠经', '破气消积，化痰除痞', '积滞内停，痞满胀痛，泻痢后重', '3-10g', '麸炒', '江西、湖南', 'NONE', '理气药', NOW(), NOW()),
(37, '枳壳', 'zhi qiao', '商壳', '芸香科植物酸橙及其栽培变种的未成熟果实', '果实', '微寒', '苦、辛', '脾、胃经', '理气宽中，行滞消胀', '胸胁气滞，脘腹胀满，食积不化', '3-10g', '麸炒', '江西、湖北', 'NONE', '理气药', NOW(), NOW()),
(38, '砂仁', 'sha ren', '春砂仁', '姜科植物阳春砂等的干燥成熟果实', '果实', '温', '辛', '脾、胃、肾经', '化湿开胃，温脾止泻，理气安胎', '湿浊中阻，脘腹胀痛，妊娠恶阻', '3-6g', '后下', '广东、云南', 'NONE', '化湿药', NOW(), NOW()),
(39, '厚朴', 'hou po', '川朴、紫油厚朴', '木兰科植物厚朴或凹叶厚朴的干燥干皮', '树皮', '温', '苦、辛', '脾、胃、肺、大肠经', '燥湿消痰，下气除满', '湿滞伤中，脘腹胀满，食积气滞', '3-10g', '姜炙', '四川、湖北', 'NONE', '化湿药', NOW(), NOW()),
(40, '藿香', 'huo xiang', '广藿香', '唇形科植物广藿香的地上部分', '地上部分', '微温', '辛', '脾、胃、肺经', '化湿醒脾，和中止呕，发表解暑', '湿阻中焦，脘痞呕吐，暑湿头重', '3-10g', '后下', '广东、海南', 'NONE', '化湿药', NOW(), NOW()),
(41, '佩兰', 'pei lan', '省头草', '菊科植物佩兰的地上部分', '地上部分', '平', '辛', '脾、胃、肺经', '化湿醒脾，发表解暑', '湿浊困脾，口中甜腻，暑湿表证', '3-10g', '后下', '江苏、浙江', 'NONE', '化湿药', NOW(), NOW()),
(42, '木香', 'mu xiang', '云木香', '菊科植物木香的干燥根', '根', '温', '辛、苦', '脾、胃、大肠、胆经', '行气止痛，健脾消食', '脘腹胀痛，食积不消，腹泻里急后重', '3-6g', '煨用', '云南、四川', 'NONE', '理气药', NOW(), NOW()),
(43, '香附', 'xiang fu', '莎草根', '莎草科植物莎草的干燥根茎', '根茎', '平', '辛、微苦、甘', '肝、三焦经', '疏肝解郁，理气宽中，调经止痛', '肝郁气滞，胸胁胀痛，月经不调', '6-10g', '醋炙', '广东、福建', 'NONE', '理气药', NOW(), NOW()),
(44, '郁金', 'yu jin', '玉金、黄郁', '姜科植物温郁金等的干燥块根', '块根', '寒', '辛、苦', '心、肝、胆经', '活血止痛，行气解郁，清心凉血', '胸胁刺痛，痛经闭经，热病神昏', '3-10g', '生用', '浙江、四川', 'NONE', '活血化瘀药', NOW(), NOW()),
(45, '延胡索', 'yan hu suo', '元胡', '罂粟科植物延胡索的干燥块茎', '块茎', '温', '辛、苦', '肝、脾经', '活血，行气，止痛', '胸胁脘腹诸痛，痛经，产后瘀阻', '3-10g', '醋炙', '浙江、江苏', 'NONE', '活血化瘀药', NOW(), NOW()),
(46, '桃仁', 'tao ren', '毛桃仁', '蔷薇科植物桃或山桃的干燥成熟种子', '种子', '平', '苦、甘', '心、肝、大肠经', '活血祛瘀，润肠通便', '经闭痛经，癥瘕痞块，肺痈肠痈', '5-10g', '打碎后入药', '河北、山东', 'LOW', '活血化瘀药', NOW(), NOW()),
(47, '红花', 'hong hua', '草红花', '菊科植物红花的干燥花', '花', '温', '辛', '心、肝经', '活血通经，散瘀止痛', '经闭痛经，恶露不行，跌打损伤', '3-10g', '生用', '新疆、河南', 'NONE', '活血化瘀药', NOW(), NOW()),
(48, '益母草', 'yi mu cao', '坤草', '唇形科植物益母草的新鲜或干燥地上部分', '地上部分', '微寒', '辛、苦', '肝、心、膀胱经', '活血调经，利尿消肿', '月经不调，产后恶露不尽，水肿尿少', '9-30g', '生用', '江苏、安徽', 'NONE', '活血化瘀药', NOW(), NOW()),
(49, '鸡血藤', 'ji xue teng', '血风藤', '豆科植物密花豆的干燥藤茎', '藤茎', '温', '苦、甘', '肝经', '补血活血，通络', '血虚萎黄，肢体麻木，风湿痹痛', '9-15g', '切片生用', '广东、云南', 'NONE', '活血化瘀药', NOW(), NOW()),
(50, '牛膝', 'niu xi', '怀牛膝', '苋科植物牛膝的干燥根', '根', '平', '苦、酸', '肝、肾经', '逐瘀通经，补肝肾，强筋骨，引血下行', '经闭痛经，腰膝酸痛，头痛眩晕', '5-12g', '酒炙', '河南', 'NONE', '补益药', NOW(), NOW()),
(51, '杜仲', 'du zhong', '丝连皮', '杜仲科植物杜仲的干燥树皮', '树皮', '温', '甘', '肝、肾经', '补肝肾，强筋骨，安胎', '肝肾不足，腰膝酸痛，胎动不安', '6-10g', '盐炙', '四川、贵州', 'NONE', '补益药', NOW(), NOW()),
(52, '续断', 'xu duan', '川续断', '川续断科植物川续断的干燥根', '根', '微温', '苦、辛', '肝、肾经', '补肝肾，强筋骨，续折伤，止崩漏', '腰膝酸软，跌扑损伤，崩漏下血', '9-15g', '盐炙', '四川、湖北', 'NONE', '补益药', NOW(), NOW()),
(53, '狗脊', 'gou ji', '金毛狗脊', '蚌壳蕨科植物金毛狗脊的干燥根茎', '根茎', '温', '苦、甘', '肝、肾经', '祛风湿，补肝肾，强腰膝', '腰脊强痛，下肢无力，风湿痹痛', '6-12g', '砂烫去毛', '福建、广西', 'NONE', '补益药', NOW(), NOW()),
(54, '桑寄生', 'sang ji sheng', '寄生', '桑寄生科植物桑寄生的干燥带叶茎枝', '茎枝', '平', '苦、甘', '肝、肾经', '祛风湿，补肝肾，强筋骨，安胎', '风湿痹痛，腰膝酸软，胎漏下血', '9-15g', '生用', '广西、云南', 'NONE', '补益药', NOW(), NOW()),
(55, '菟丝子', 'tu si zi', '吐丝子', '旋花科植物菟丝子的干燥成熟种子', '种子', '平', '辛、甘', '肝、肾、脾经', '补肾益精，养肝明目，止泻安胎', '肾虚腰痛，遗精尿频，胎动不安', '6-12g', '盐炙', '江苏、山东', 'NONE', '补益药', NOW(), NOW()),
(56, '巴戟天', 'ba ji tian', '鸡肠风', '茜草科植物巴戟天的干燥根', '根', '微温', '甘、辛', '肾经', '补肾阳，强筋骨，祛风湿', '阳痿遗精，宫冷不孕，腰膝痹痛', '6-12g', '盐炙', '广东、广西', 'NONE', '补阳药', NOW(), NOW()),
(57, '肉苁蓉', 'rou cong rong', '淡大云', '列当科植物肉苁蓉的干燥带鳞叶肉质茎', '肉质茎', '温', '甘、咸', '肾、大肠经', '补肾阳，益精血，润肠通便', '肾阳不足，精血亏虚，肠燥便秘', '6-12g', '酒浸', '内蒙古、新疆', 'NONE', '补阳药', NOW(), NOW()),
(58, '锁阳', 'suo yang', '不老药', '锁阳科植物锁阳的干燥肉质茎', '肉质茎', '温', '甘', '肝、肾、大肠经', '补肾阳，益精血，润肠通便', '腰膝痿软，肠燥便秘，阳痿不育', '6-12g', '切片生用', '甘肃、内蒙古', 'NONE', '补阳药', NOW(), NOW()),
(59, '附子', 'fu zi', '炮附片', '毛茛科植物乌头子根的加工品', '子根', '热', '辛、甘', '心、肾、脾经', '回阳救逆，补火助阳，散寒止痛', '亡阳虚脱，肢冷脉微，阳痿宫冷', '3-15g', '先煎', '四川', 'HIGH', '温里药', NOW(), NOW()),
(60, '干姜', 'gan jiang', '白姜', '姜科植物姜的干燥根茎', '根茎', '热', '辛', '脾、胃、心、肺经', '温中散寒，回阳通脉，温肺化饮', '脘腹冷痛，呕吐泄泻，肢冷脉微', '3-10g', '炮姜、姜炭', '四川、云南', 'NONE', '温里药', NOW(), NOW()),
(61, '肉桂', 'rou gui', '官桂', '樟科植物肉桂的干燥树皮', '树皮', '热', '辛、甘', '肾、脾、心、肝经', '补火助阳，引火归元，散寒止痛', '阳痿宫冷，腰膝冷痛，虚阳上浮', '2-5g', '后下', '广西、广东', 'NONE', '温里药', NOW(), NOW()),
(62, '吴茱萸', 'wu zhu yu', '左力、吴萸', '芸香科植物吴茱萸近成熟果实', '果实', '热', '辛、苦', '肝、脾、胃、肾经', '散寒止痛，降逆止呕，助阳止泻', '厥阴头痛，脘腹冷痛，呕吐吞酸', '2-5g', '盐炙', '贵州、云南', 'LOW', '温里药', NOW(), NOW()),
(63, '细辛', 'xi xin', '北细辛', '马兜铃科植物细辛的干燥全草', '全草', '温', '辛', '心、肺、肾经', '祛风散寒，通窍止痛，温肺化饮', '风寒头痛，鼻塞牙痛，寒饮咳喘', '1-3g', '后下', '辽宁、吉林', 'LOW', '解表药', NOW(), NOW()),
(64, '防风', 'fang feng', '关防风', '伞形科植物防风的干燥根', '根', '微温', '辛、甘', '膀胱、肝、脾经', '祛风解表，胜湿止痛，止痉', '风寒感冒，风疹瘙痒，风湿痹痛', '5-10g', '生用', '内蒙古、河北', 'NONE', '解表药', NOW(), NOW()),
(65, '荆芥', 'jing jie', '假苏', '唇形科植物荆芥的地上部分', '地上部分', '微温', '辛', '肺、肝经', '祛风解表，透疹消疮，止血', '风寒感冒，麻疹不透，疮疡初起', '5-10g', '炒炭止血', '河北、江苏', 'NONE', '解表药', NOW(), NOW()),
(66, '薄荷', 'bo he', '苏薄荷', '唇形科植物薄荷的地上部分', '地上部分', '凉', '辛', '肺、肝经', '疏散风热，清利头目，利咽透疹', '风热感冒，头痛目赤，咽喉肿痛', '3-6g', '后下', '江苏、安徽', 'NONE', '解表药', NOW(), NOW()),
(67, '柴胡', 'chai hu', '北柴胡', '伞形科植物柴胡的干燥根', '根', '微寒', '苦、辛', '肝、胆经', '疏散退热，疏肝解郁，升举阳气', '寒热往来，胸胁苦满，肝郁气滞', '3-10g', '醋炙', '河北、山西', 'NONE', '解表药', NOW(), NOW()),
(68, '升麻', 'sheng ma', '周麻', '毛茛科植物升麻的干燥根茎', '根茎', '微寒', '辛、甘', '肺、脾、胃、大肠经', '发表透疹，清热解毒，升举阳气', '外感表证，麻疹不透，气虚下陷', '3-10g', '蜜炙', '吉林、辽宁', 'NONE', '解表药', NOW(), NOW()),
(69, '葛花', 'ge hua', '葛条花', '豆科植物野葛的干燥花', '花', '平', '甘', '脾、胃经', '解酒醒脾，清湿热', '饮酒过度，头晕口渴，脘腹胀满', '3-10g', '生用', '广西、云南', 'NONE', '解表药', NOW(), NOW()),
(70, '茵陈', 'yin chen', '绵茵陈', '菊科植物滨蒿或茵陈蒿的地上部分', '地上部分', '微寒', '苦、辛', '脾、胃、肝、胆经', '清利湿热，利胆退黄', '黄疸尿少，湿温暑湿，湿疮瘙痒', '6-15g', '生用', '陕西、甘肃', 'NONE', '清热药', NOW(), NOW()),
(71, '栀子', 'zhi zi', '山栀子', '茜草科植物栀子的干燥成熟果实', '果实', '寒', '苦', '心、肺、三焦经', '泻火除烦，清热利湿，凉血解毒', '热病烦闷，湿热黄疸，血热吐衄', '6-10g', '生用或炒炭', '江西、湖南', 'NONE', '清热药', NOW(), NOW()),
(72, '连翘', 'lian qiao', '落翘', '木犀科植物连翘的干燥果实', '果实', '微寒', '苦', '肺、心、小肠经', '清热解毒，消肿散结', '痈肿疮毒，风热外感，温病初起', '6-15g', '生用', '山西、河南', 'NONE', '清热药', NOW(), NOW()),
(73, '金银花', 'jin yin hua', '忍冬花', '忍冬科植物忍冬的干燥花蕾', '花蕾', '寒', '甘', '肺、心、胃经', '清热解毒，疏散风热', '痈肿疔疮，咽喉肿痛，热毒血痢', '6-15g', '生用', '河南、山东', 'NONE', '清热药', NOW(), NOW()),
(74, '蒲公英', 'pu gong ying', '婆婆丁', '菊科植物蒲公英的全草', '全草', '寒', '苦、甘', '肝、胃经', '清热解毒，消肿散结，利湿通淋', '乳痈肿痛，热淋涩痛，咽喉肿痛', '9-15g', '鲜用或干用', '全国多地', 'NONE', '清热药', NOW(), NOW()),
(75, '板蓝根', 'ban lan gen', '大青根', '十字花科植物菘蓝的干燥根', '根', '寒', '苦', '心、胃经', '清热解毒，凉血利咽', '温毒发斑，咽喉肿痛，痄腮', '9-15g', '生用', '河北、河南', 'NONE', '清热药', NOW(), NOW()),
(76, '鱼腥草', 'yu xing cao', '折耳根', '三白草科植物蕺菜的地上部分', '地上部分', '微寒', '辛', '肺经', '清热解毒，消痈排脓，利尿通淋', '肺痈吐脓，热淋涩痛，湿热泻痢', '15-30g', '鲜用', '贵州、四川', 'NONE', '清热药', NOW(), NOW()),
(77, '败酱草', 'bai jiang cao', '苦菜', '败酱科植物黄花败酱的地上部分', '地上部分', '微寒', '辛、苦', '肝、胃、大肠经', '清热解毒，消痈排脓，祛瘀止痛', '肠痈腹痛，肺痈吐脓，产后瘀阻', '6-15g', '生用', '江苏、安徽', 'NONE', '清热药', NOW(), NOW()),
(78, '白花蛇舌草', 'bai hua she she cao', '蛇舌草', '茜草科植物白花蛇舌草的全草', '全草', '寒', '甘、淡', '胃、大肠、小肠经', '清热解毒，利湿通淋', '咽喉肿痛，痈肿疮毒，热淋涩痛', '15-30g', '生用', '广西、广东', 'NONE', '清热药', NOW(), NOW()),
(79, '夏枯草', 'xia ku cao', '棒槌草', '唇形科植物夏枯草的果穗', '果穗', '寒', '苦、辛', '肝、胆经', '清肝泻火，散结消肿', '目赤肿痛，头痛眩晕，瘰疬瘿瘤', '9-15g', '生用', '江苏、安徽', 'NONE', '清热药', NOW(), NOW()),
(80, '决明子', 'jue ming zi', '草决明', '豆科植物决明或小决明的干燥成熟种子', '种子', '微寒', '甘、苦、咸', '肝、大肠经', '清肝明目，润肠通便', '目赤涩痛，羞明多泪，肠燥便秘', '9-15g', '炒用', '安徽、广西', 'NONE', '清热药', NOW(), NOW()),
(81, '车前子', 'che qian zi', '车前实', '车前科植物车前或平车前的干燥成熟种子', '种子', '寒', '甘', '肝、肾、肺、小肠经', '清热利尿，渗湿止泻，明目祛痰', '淋证水肿，暑湿泄泻，目赤肿痛', '9-15g', '包煎', '江西、福建', 'NONE', '利水渗湿药', NOW(), NOW()),
(82, '薏苡仁', 'yi yi ren', '薏米', '禾本科植物薏苡的干燥成熟种仁', '种仁', '凉', '甘、淡', '脾、胃、肺经', '利水渗湿，健脾止泻，除痹排脓', '水肿脚气，脾虚泄泻，风湿痹痛', '15-30g', '生用或炒用', '贵州、福建', 'NONE', '利水渗湿药', NOW(), NOW()),
(83, '泽兰', 'ze lan', '地笋', '唇形科植物地笋的地上部分', '地上部分', '微温', '苦、辛', '肝、脾经', '活血调经，祛瘀消肿', '经闭痛经，产后瘀阻，水肿', '6-12g', '生用', '江苏、浙江', 'NONE', '活血化瘀药', NOW(), NOW()),
(84, '火麻仁', 'huo ma ren', '麻仁', '桑科植物大麻的干燥成熟种子', '种子', '平', '甘', '脾、胃、大肠经', '润肠通便', '肠燥便秘，血虚津亏便秘', '9-15g', '打碎', '黑龙江、甘肃', 'NONE', '润下药', NOW(), NOW()),
(85, '郁李仁', 'yu li ren', '小李仁', '蔷薇科植物郁李的干燥成熟种子', '种子', '平', '辛、苦、甘', '脾、大肠、小肠经', '润肠通便，利水消肿', '肠燥便秘，水肿胀满', '6-10g', '打碎', '河北、山西', 'NONE', '润下药', NOW(), NOW()),
(86, '苦杏仁', 'ku xing ren', '杏仁', '蔷薇科植物山杏的干燥成熟种子', '种子', '微温', '苦', '肺、大肠经', '降气止咳平喘，润肠通便', '咳嗽气喘，胸满痰多，肠燥便秘', '5-10g', '去皮尖', '河北、内蒙古', 'LOW', '止咳平喘药', NOW(), NOW()),
(87, '紫苏子', 'zi su zi', '苏子', '唇形科植物紫苏的干燥成熟果实', '果实', '温', '辛', '肺、大肠经', '降气消痰，止咳平喘，润肠通便', '痰壅气逆，咳嗽气喘，肠燥便秘', '5-10g', '炒用', '江苏、安徽', 'NONE', '止咳平喘药', NOW(), NOW()),
(88, '前胡', 'qian hu', '白花前胡', '伞形科植物白花前胡的干燥根', '根', '微寒', '苦、辛', '肺经', '降气化痰，散风清热', '痰热咳喘，痰多黄稠，风热咳嗽', '3-10g', '生用', '浙江、安徽', 'NONE', '止咳平喘药', NOW(), NOW()),
(89, '桔梗', 'jie geng', '苦桔梗', '桔梗科植物桔梗的干燥根', '根', '平', '苦、辛', '肺经', '宣肺，利咽，祛痰，排脓', '咳嗽痰多，咽喉肿痛，肺痈吐脓', '3-10g', '生用', '安徽、四川', 'NONE', '止咳平喘药', NOW(), NOW()),
(90, '川贝母', 'chuan bei mu', '贝母', '百合科植物川贝母等的干燥鳞茎', '鳞茎', '微寒', '苦、甘', '肺、心经', '清热润肺，化痰止咳，散结消痈', '阴虚燥咳，痰中带血，瘰疬痰核', '3-10g', '生用', '四川、青海', 'NONE', '化痰药', NOW(), NOW()),
(91, '浙贝母', 'zhe bei mu', '大贝', '百合科植物浙贝母的干燥鳞茎', '鳞茎', '寒', '苦', '肺、心经', '清热化痰，散结解毒', '风热咳嗽，痰火郁结，瘰疬痰核', '5-10g', '生用', '浙江', 'NONE', '化痰药', NOW(), NOW()),
(92, '瓜蒌', 'gua lou', '栝楼', '葫芦科植物栝楼的果实', '果实', '寒', '甘、微苦', '肺、胃、大肠经', '清热涤痰，宽胸散结，润燥滑肠', '胸痹心痛，痰热咳喘，肠燥便秘', '9-15g', '生用', '山东、安徽', 'NONE', '化痰药', NOW(), NOW()),
(93, '款冬花', 'kuan dong hua', '冬花', '菊科植物款冬的花蕾', '花蕾', '温', '辛、微苦', '肺经', '润肺下气，止咳化痰', '新久咳嗽，喘咳痰多', '3-10g', '蜜炙', '甘肃、陕西', 'NONE', '止咳平喘药', NOW(), NOW()),
(94, '百合', 'bai he', '药百合', '百合科植物卷丹等的肉质鳞叶', '鳞叶', '微寒', '甘', '心、肺经', '养阴润肺，清心安神', '阴虚燥咳，虚烦惊悸，失眠多梦', '6-12g', '生用', '湖南、甘肃', 'NONE', '养阴药', NOW(), NOW()),
(95, '酸枣仁', 'suan zao ren', '山枣仁', '鼠李科植物酸枣的干燥成熟种子', '种子', '平', '甘、酸', '心、肝、胆经', '养心补肝，宁心安神，敛汗', '虚烦不眠，惊悸多梦，体虚多汗', '10-15g', '炒用', '陕西、河北', 'NONE', '安神药', NOW(), NOW()),
(96, '柏子仁', 'bai zi ren', '柏实仁', '柏科植物侧柏的干燥成熟种仁', '种仁', '平', '甘', '心、肾、大肠经', '养心安神，润肠通便', '惊悸失眠，健忘，肠燥便秘', '6-12g', '生用', '山东、河北', 'NONE', '安神药', NOW(), NOW()),
(97, '远志', 'yuan zhi', '小草', '远志科植物远志或卵叶远志的干燥根', '根', '温', '辛、苦', '心、肾、肺经', '安神益智，祛痰开窍，消散痈肿', '失眠多梦，健忘惊悸，咳痰不爽', '3-10g', '蜜炙', '山西、陕西', 'NONE', '安神药', NOW(), NOW()),
(98, '石菖蒲', 'shi chang pu', '昌本', '天南星科植物石菖蒲的干燥根茎', '根茎', '温', '辛、苦', '心、胃经', '开窍豁痰，醒神益智，化湿开胃', '痰蒙清窍，神昏癫痫，健忘耳鸣', '3-10g', '生用', '四川、湖南', 'NONE', '开窍药', NOW(), NOW()),
(99, '龙骨', 'long gu', '五花龙骨', '古代哺乳动物骨骼化石', '矿物', '平', '甘、涩', '心、肝、肾经', '镇惊安神，平肝潜阳，收敛固涩', '心神不宁，失眠多梦，遗精滑泄', '15-30g', '先煎', '山西、河南', 'NONE', '安神药', NOW(), NOW()),
(100, '牡蛎', 'mu li', '蛎壳', '牡蛎科动物牡蛎的贝壳', '贝壳', '微寒', '咸、涩', '肝、胆、肾经', '重镇安神，潜阳补阴，软坚散结', '惊悸失眠，眩晕耳鸣，瘰疬痰核', '15-30g', '先煎', '福建、山东', 'NONE', '平肝潜阳药', NOW(), NOW()),
(101, '天花粉', 'tian hua fen', '栝楼根', '葫芦科植物栝楼的干燥根', '根', '微寒', '甘、微苦', '肺、胃经', '清热生津，消肿排脓', '热病烦渴，肺热燥咳，内热消渴', '10-15g', '生用', '山东、安徽', 'NONE', '清热药', NOW(), NOW()),
(102, '知母', 'zhi mu', '毛知母', '百合科植物知母的干燥根茎', '根茎', '寒', '苦、甘', '肺、胃、肾经', '清热泻火，滋阴润燥', '高热烦渴，肺热咳嗽，骨蒸潮热', '6-12g', '盐炙', '河北、山西', 'NONE', '清热药', NOW(), NOW()),
(103, '石膏', 'shi gao', '寒水石膏', '硫酸盐类矿物硬石膏', '矿物', '寒', '甘、辛', '肺、胃经', '清热泻火，除烦止渴，收湿敛疮', '外感高热，肺热喘咳，胃火牙痛', '15-60g', '先煎', '河北、山东', 'NONE', '清热药', NOW(), NOW()),
(104, '芒硝', 'mang xiao', '朴硝', '硫酸盐类矿物经加工精制而成', '矿物', '寒', '咸、苦', '胃、大肠经', '泻下攻积，润燥软坚，清火消肿', '实热积滞，大便燥结，肠痈肿痛', '6-12g', '冲服', '青海、新疆', 'NONE', '泻下药', NOW(), NOW()),
(105, '大黄', 'da huang', '将军', '蓼科植物掌叶大黄等的干燥根和根茎', '根及根茎', '寒', '苦', '脾、胃、大肠、肝、心经', '泻下攻积，清热泻火，凉血解毒，逐瘀通经', '实热便秘，血热吐衄，瘀血经闭', '3-15g', '后下或酒炙', '甘肃、青海', 'LOW', '泻下药', NOW(), NOW()),
(106, '番泻叶', 'fan xie ye', '泻叶', '豆科植物狭叶番泻或尖叶番泻的小叶', '叶', '寒', '甘、苦', '大肠经', '泻热导滞，通便', '热结便秘，习惯性便秘', '2-6g', '泡服', '印度、云南', 'LOW', '泻下药', NOW(), NOW()),
(107, '槟榔', 'bing lang', '大腹子', '棕榈科植物槟榔的干燥成熟种子', '种子', '温', '苦、辛', '胃、大肠经', '杀虫消积，行气利水，截疟', '食积气滞，泻痢后重，水肿脚气', '3-10g', '切片生用', '海南、广东', 'LOW', '驱虫药', NOW(), NOW()),
(108, '雷公藤', 'lei gong teng', '黄藤根', '卫矛科植物雷公藤的干燥根', '根', '寒', '苦、辛', '肝、肾经', '祛风除湿，活血通络，消肿止痛', '类风湿关节炎，风湿顽痹，肾炎水肿', '1-3g', '遵医嘱严格炮制', '浙江、福建', 'HIGH', '祛风湿药', NOW(), NOW()),
(109, '穿心莲', 'chuan xin lian', '一见喜', '爵床科植物穿心莲的地上部分', '地上部分', '寒', '苦', '肺、胃、大肠、膀胱经', '清热解毒，凉血消肿，燥湿', '外感风热，咽喉肿痛，痢疾泄泻', '6-9g', '生用', '广东、广西', 'NONE', '清热药', NOW(), NOW()),
(110, '白及', 'bai ji', '甘根', '兰科植物白及的干燥块茎', '块茎', '微寒', '苦、甘、涩', '肺、肝、胃经', '收敛止血，消肿生肌', '咯血吐血，外伤出血，疮疡肿痛', '6-15g', '研粉冲服或入煎剂', '贵州、四川', 'NONE', '止血药', NOW(), NOW());

-- ========================
-- 扩展数据2：项目（补充至 20 条）
-- ========================
INSERT INTO `project` (`id`, `project_name`, `herb_name`, `formula_name`, `indication`, `phase`, `projector_id`, `status`, `start_time`, `budget`, `priority`, `description`, `ai_assess`, `ai_report`, `create_time`, `update_time`) VALUES
(11, '天麻钩藤饮二次开发项目', '天麻', '天麻钩藤饮', '高血压伴眩晕', 'OPTIMIZATION', 7, 2, '2024-05-20 00:00:00', 6800000.00, 1, '围绕经典方现代制剂化，优化给药便利性与依从性', '临床价值明确，建议完善质量一致性研究。', NULL, NOW(), NOW()),
(12, '黄芪甲苷肾纤维化干预研究', '黄芪', NULL, '慢性肾脏病', 'VERIFICATION', 9, 2, '2024-03-15 00:00:00', 8800000.00, 1, '以 TGF-β/Smad 通路为核心开展机制验证与药效评价', '机制证据较充分，建议推进 GLP 安全性研究。', NULL, NOW(), NOW()),
(13, '丹酚酸B抗纤维化新适应症探索', '丹参', NULL, '肝纤维化', 'EXPLORATION', 6, 1, '2024-08-18 00:00:00', 5200000.00, 2, '聚焦丹酚酸B在肝纤维化场景的成药潜力评估', '建议优先完成体内 PK/PD 关联性研究。', NULL, NOW(), NOW()),
(14, '三七皂苷R1脑卒中康复辅助治疗项目', '三七', NULL, '缺血性脑卒中恢复期', 'VERIFICATION', 8, 2, '2024-04-02 00:00:00', 7900000.00, 1, '探索脑卒中恢复期神经功能改善的综合干预方案', '临床前证据积极，需补充长期安全性。', NULL, NOW(), NOW()),
(15, '黄柏碱代谢调节胶囊开发', '黄柏', NULL, '代谢综合征', 'OPTIMIZATION', 10, 2, '2024-06-11 00:00:00', 6100000.00, 2, '以代谢重塑为导向，开展复方筛选与制剂优化', '项目路径可行，建议强化人群分层策略。', NULL, NOW(), NOW()),
(16, '归脾汤颗粒剂临床前质量研究', NULL, '归脾汤', '失眠伴焦虑', 'DECLARATION', 3, 2, '2023-10-08 00:00:00', 9300000.00, 1, '推进经典名方颗粒剂标准化开发与关键质量属性定义', '资料完整，建议安排申报前模拟核查。', NULL, NOW(), NOW()),
(17, '玉液汤改善胰岛素抵抗项目', NULL, '玉液汤', '2 型糖尿病胰岛素抵抗', 'EXPLORATION', 4, 1, '2024-09-01 00:00:00', 4700000.00, 2, '围绕气阴两虚证建立多维评价终点', '可行性良好，建议增加临床标志物联动验证。', NULL, NOW(), NOW()),
(18, '川贝母止咳新剂型研究', '川贝母', NULL, '慢性咳嗽', 'VERIFICATION', 5, 2, '2024-02-26 00:00:00', 5600000.00, 2, '改进传统剂型口感与稳定性，提升依从性', '剂型路线合理，需完善稳定性数据。', NULL, NOW(), NOW()),
(19, '酸枣仁-柏子仁助眠复方开发', '酸枣仁', NULL, '睡眠障碍', 'EXPLORATION', 7, 1, '2024-09-10 00:00:00', 3900000.00, 3, '基于安神药对筛选低不良反应干预方案', '建议增加昼夜节律相关终点评估。', NULL, NOW(), NOW()),
(20, '中药复方抗炎外用制剂项目', NULL, NULL, '皮肤慢性炎症', 'VERIFICATION', 1, 2, '2024-01-28 00:00:00', 7200000.00, 2, '围绕局部抗炎与屏障修复双机制构建产品管线', '研发策略完整，建议并行开展临床前毒理。', NULL, NOW(), NOW());

-- ========================
-- 扩展数据2：项目成员
-- ========================
INSERT INTO `project_member` (`id`, `project_id`, `user_id`, `role`, `join_time`) VALUES
(25, 11, 7, 'LEAD', '2024-05-20 09:00:00'),
(26, 11, 2, 'MEMBER', '2024-05-21 09:00:00'),
(27, 11, 6, 'REVIEWER', '2024-05-25 09:00:00'),
(28, 12, 9, 'LEAD', '2024-03-15 09:00:00'),
(29, 12, 1, 'MEMBER', '2024-03-16 09:00:00'),
(30, 12, 10, 'MEMBER', '2024-03-18 09:00:00'),
(31, 13, 6, 'LEAD', '2024-08-18 09:00:00'),
(32, 13, 4, 'MEMBER', '2024-08-20 09:00:00'),
(33, 13, 8, 'OBSERVER', '2024-08-22 09:00:00'),
(34, 14, 8, 'LEAD', '2024-04-02 09:00:00'),
(35, 14, 5, 'MEMBER', '2024-04-03 09:00:00'),
(36, 14, 3, 'REVIEWER', '2024-04-06 09:00:00'),
(37, 15, 10, 'LEAD', '2024-06-11 09:00:00'),
(38, 15, 6, 'MEMBER', '2024-06-12 09:00:00'),
(39, 15, 9, 'MEMBER', '2024-06-13 09:00:00'),
(40, 16, 3, 'LEAD', '2023-10-08 09:00:00'),
(41, 16, 1, 'REVIEWER', '2023-10-10 09:00:00'),
(42, 16, 7, 'MEMBER', '2023-10-12 09:00:00'),
(43, 17, 4, 'LEAD', '2024-09-01 09:00:00'),
(44, 17, 2, 'MEMBER', '2024-09-03 09:00:00'),
(45, 17, 6, 'OBSERVER', '2024-09-05 09:00:00'),
(46, 18, 5, 'LEAD', '2024-02-26 09:00:00'),
(47, 18, 7, 'MEMBER', '2024-02-27 09:00:00'),
(48, 18, 8, 'MEMBER', '2024-02-29 09:00:00'),
(49, 19, 7, 'LEAD', '2024-09-10 09:00:00'),
(50, 19, 9, 'MEMBER', '2024-09-11 09:00:00'),
(51, 19, 10, 'OBSERVER', '2024-09-12 09:00:00'),
(52, 20, 1, 'LEAD', '2024-01-28 09:00:00'),
(53, 20, 3, 'MEMBER', '2024-01-29 09:00:00'),
(54, 20, 5, 'REVIEWER', '2024-02-01 09:00:00');

-- ========================
-- 扩展数据2：用户任务
-- ========================
INSERT INTO `user_task` (`id`, `user_id`, `project_id`, `title`, `description`, `priority`, `status`, `assignee_id`, `deadline`, `completion_feedback`, `create_time`, `update_time`) VALUES
(15, 7, 11, '完成天麻钩藤饮工艺参数摸底', '输出关键工艺参数范围和控制点', 1, 1, 7, '2024-06-08 17:00:00', NULL, NOW(), NOW()),
(16, 9, 12, '提交黄芪甲苷体内分布实验原始数据', '包含肾组织分布和暴露量统计', 1, 0, 9, '2024-04-08 17:00:00', NULL, NOW(), NOW()),
(17, 6, 13, '完成丹酚酸B候选制剂处方初筛', '比较片剂与胶囊稳定性', 2, 0, 6, '2024-09-05 17:00:00', NULL, NOW(), NOW()),
(18, 8, 14, '更新脑卒中项目神经行为学指标', '纳入改良神经功能评分量表', 1, 1, 8, '2024-05-01 17:00:00', NULL, NOW(), NOW()),
(19, 10, 15, '完善黄柏碱项目药代建模报告', '补充群体药代参数及敏感性分析', 2, 0, 10, '2024-07-02 17:00:00', NULL, NOW(), NOW()),
(20, 3, 16, '归脾汤颗粒质量标准复核', '核查指纹图谱重复性和专属性', 1, 1, 3, '2024-01-20 17:00:00', NULL, NOW(), NOW()),
(21, 4, 17, '玉液汤项目补充胰岛素抵抗终点设计', '明确 HOMA-IR 与炎症指标组合', 2, 0, 4, '2024-09-25 17:00:00', NULL, NOW(), NOW()),
(22, 5, 18, '川贝母新剂型稳定性月度追踪', '记录 3 个月加速稳定性结果', 2, 1, 5, '2024-04-15 17:00:00', NULL, NOW(), NOW()),
(23, 7, 19, '助眠复方药材配伍敏感性分析', '比较不同药材比例对行为学终点影响', 3, 0, 7, '2024-10-05 17:00:00', NULL, NOW(), NOW()),
(24, 1, 20, '外用制剂项目伦理资料终审', '完成伦理审批前最终核查', 1, 0, 1, '2024-03-08 17:00:00', NULL, NOW(), NOW()),
(25, 2, 11, '整理天麻钩藤饮项目预算执行报告', '核对设备与试剂成本偏差', 3, 2, 2, '2024-06-12 17:00:00', '已提交财务复核', NOW(), NOW()),
(26, 6, 12, '黄芪甲苷项目关键风险清单更新', '更新风险等级和应对策略', 2, 1, 6, '2024-04-22 17:00:00', NULL, NOW(), NOW()),
(27, 8, 13, '丹酚酸B项目细胞实验复现实验', '完成两批次重复验证', 2, 0, 8, '2024-09-10 17:00:00', NULL, NOW(), NOW()),
(28, 9, 14, '脑卒中项目统计方案二次评审', '优化样本量估算与缺失值处理', 1, 0, 9, '2024-05-12 17:00:00', NULL, NOW(), NOW()),
(29, 10, 15, '代谢综合征项目阶段里程碑评审', '里程碑达成率与后续资源评估', 2, 1, 10, '2024-07-10 17:00:00', NULL, NOW(), NOW()),
(30, 3, 16, '归脾汤项目申报资料一致性核对', '核对电子与纸质版本一致性', 1, 0, 3, '2024-02-01 17:00:00', NULL, NOW(), NOW()),
(31, 4, 17, '玉液汤项目探索性临床方案草拟', '完成入排标准和主要终点草案', 2, 0, 4, '2024-10-01 17:00:00', NULL, NOW(), NOW()),
(32, 5, 18, '川贝母项目原料供应商质量评估', '新增两家候选供应商对比', 3, 1, 5, '2024-04-28 17:00:00', NULL, NOW(), NOW()),
(33, 7, 19, '助眠复方项目受试者问卷设计', '形成睡眠质量问卷初稿', 3, 0, 7, '2024-10-12 17:00:00', NULL, NOW(), NOW()),
(34, 1, 20, '外用制剂项目安全性指标复核', '复核皮肤刺激与过敏相关指标', 1, 0, 1, '2024-03-20 17:00:00', NULL, NOW(), NOW());

-- ========================
-- 扩展数据2：用户收藏
-- ========================
INSERT INTO `user_favorite` (`id`, `user_id`, `favorite_id`, `favorite_type`, `create_time`) VALUES
(22, 1, 19, 'HERB', NOW()),
(23, 2, 24, 'HERB', NOW()),
(24, 3, 27, 'HERB', NOW()),
(25, 4, 7, 'DISEASE', NOW()),
(26, 5, 10, 'FORMULA', NOW()),
(27, 6, 12, 'COMPONENT', NOW()),
(28, 7, 30, 'HERB', NOW()),
(29, 8, 11, 'FORMULA', NOW()),
(30, 9, 8, 'DISEASE', NOW()),
(31, 10, 90, 'HERB', NOW()),
(32, 1, 13, 'COMPONENT', NOW()),
(33, 2, 95, 'HERB', NOW()),
(34, 3, 12, 'FORMULA', NOW()),
(35, 4, 15, 'COMPONENT', NOW()),
(36, 5, 20, 'HERB', NOW()),
(37, 6, 8, 'DISEASE', NOW()),
(38, 7, 73, 'HERB', NOW()),
(39, 8, 99, 'HERB', NOW()),
(40, 9, 17, 'DISEASE', NOW()),
(41, 10, 88, 'HERB', NOW());

-- ========================
-- 扩展数据3：方剂（知识库增强）
-- ========================
INSERT INTO `formula` (`id`, `name`, `aliases`, `source`, `era`, `category`, `effects`, `indications`, `usage`, `jun_yao`, `chen_yao`, `zuo_yao`, `shi_yao`, `related_herbs`, `efficacy_score`, `create_time`, `update_time`) VALUES
(13, '逍遥散', '无', '《太平惠民和剂局方》', '宋代', '和解剂', '疏肝解郁，养血健脾', '肝郁血虚脾弱，胁痛，月经不调，神疲食少', '水煎服，日一剂', '[{"name":"柴胡","dose":"10g"}]', '[{"name":"当归","dose":"10g"},{"name":"白芍","dose":"10g"}]', '[{"name":"白术","dose":"10g"},{"name":"茯苓","dose":"10g"}]', '[{"name":"甘草","dose":"6g"}]', '["柴胡","当归","白芍","白术","茯苓","甘草"]', 9.0, NOW(), NOW()),
(14, '丹栀逍遥散', '加味逍遥散', '《内科摘要》', '明代', '和解剂', '疏肝清热，健脾养血', '肝郁化火，烦躁易怒，口苦咽干', '水煎服，日一剂', '[{"name":"柴胡","dose":"10g"}]', '[{"name":"当归","dose":"10g"},{"name":"白芍","dose":"10g"}]', '[{"name":"牡丹皮","dose":"10g"},{"name":"栀子","dose":"9g"}]', '[{"name":"甘草","dose":"6g"}]', '["柴胡","当归","白芍","牡丹皮","栀子","甘草"]', 8.8, NOW(), NOW()),
(15, '补阳还五汤', '无', '《医林改错》', '清代', '活血化瘀剂', '补气活血通络', '中风后遗症，半身不遂，口眼歪斜', '水煎服，日一剂', '[{"name":"黄芪","dose":"30g"}]', '[{"name":"当归","dose":"10g"},{"name":"赤芍","dose":"10g"}]', '[{"name":"川芎","dose":"6g"},{"name":"桃仁","dose":"10g"}]', '[{"name":"红花","dose":"6g"}]', '["黄芪","当归","赤芍","川芎","桃仁","红花"]', 9.1, NOW(), NOW()),
(16, '生脉散', '生脉饮', '《医学启源》', '金代', '补益剂', '益气生津，敛阴止汗', '气阴两虚，心悸气短，汗多口渴', '水煎服，日一剂', '[{"name":"人参","dose":"6g"}]', '[{"name":"麦冬","dose":"10g"}]', '[{"name":"五味子","dose":"6g"}]', '无', '["人参","麦冬","五味子"]', 8.9, NOW(), NOW()),
(17, '参苓白术散', '无', '《太平惠民和剂局方》', '宋代', '补益剂', '补脾胃，益肺气', '脾胃虚弱，食少便溏，乏力咳嗽', '水煎服，日一剂', '[{"name":"人参","dose":"6g"}]', '[{"name":"白术","dose":"10g"},{"name":"茯苓","dose":"10g"}]', '[{"name":"山药","dose":"12g"},{"name":"薏苡仁","dose":"12g"}]', '[{"name":"甘草","dose":"6g"}]', '["人参","白术","茯苓","山药","薏苡仁","甘草"]', 8.8, NOW(), NOW()),
(18, '黄连解毒汤', '无', '《外台秘要》', '唐代', '清热剂', '泻火解毒', '三焦火毒炽盛，高热烦躁，口燥咽干', '水煎服，日一剂', '[{"name":"黄连","dose":"6g"}]', '[{"name":"黄芩","dose":"9g"}]', '[{"name":"黄柏","dose":"9g"}]', '[{"name":"栀子","dose":"9g"}]', '["黄连","黄芩","黄柏","栀子"]', 8.7, NOW(), NOW()),
(19, '葛根芩连汤', '无', '《伤寒论》', '东汉', '清热剂', '解表清里', '外感表证未解，里热下利，肛门灼热', '水煎服，日一剂', '[{"name":"葛根","dose":"15g"}]', '[{"name":"黄芩","dose":"9g"}]', '[{"name":"黄连","dose":"6g"}]', '[{"name":"甘草","dose":"6g"}]', '["葛根","黄芩","黄连","甘草"]', 8.6, NOW(), NOW()),
(20, '温胆汤', '无', '《三因极一病证方论》', '宋代', '化痰剂', '理气化痰，和胃利胆', '胆胃不和，虚烦不眠，眩晕心悸', '水煎服，日一剂', '[{"name":"半夏","dose":"9g"}]', '[{"name":"竹茹","dose":"9g"},{"name":"陈皮","dose":"6g"}]', '[{"name":"枳实","dose":"6g"},{"name":"茯苓","dose":"10g"}]', '[{"name":"甘草","dose":"6g"}]', '["半夏","竹茹","陈皮","枳实","茯苓","甘草"]', 8.5, NOW(), NOW()),
(21, '半夏泻心汤', '无', '《伤寒论》', '东汉', '和解剂', '寒热平调，散结除痞', '寒热错杂，心下痞满，呕吐肠鸣', '水煎服，日一剂', '[{"name":"半夏","dose":"9g"}]', '[{"name":"黄芩","dose":"9g"},{"name":"黄连","dose":"6g"}]', '[{"name":"干姜","dose":"6g"},{"name":"人参","dose":"6g"}]', '[{"name":"甘草","dose":"6g"},{"name":"大枣","dose":"4枚"}]', '["半夏","黄芩","黄连","干姜","人参","甘草","大枣"]', 8.9, NOW(), NOW()),
(22, '龙胆泻肝汤', '无', '《医方集解》', '清代', '清热剂', '清肝胆实火，泻下焦湿热', '肝胆火旺，头痛目赤，湿热下注', '水煎服，日一剂', '[{"name":"龙胆草","dose":"6g"}]', '[{"name":"黄芩","dose":"9g"},{"name":"栀子","dose":"9g"}]', '[{"name":"泽泻","dose":"10g"},{"name":"木通","dose":"6g"}]', '[{"name":"甘草","dose":"6g"}]', '["龙胆草","黄芩","栀子","泽泻","木通","甘草"]', 8.4, NOW(), NOW()),
(23, '独活寄生汤', '无', '《备急千金要方》', '唐代', '祛风湿剂', '祛风湿，止痹痛，补肝肾，益气血', '痹证日久，腰膝冷痛，关节屈伸不利', '水煎服，日一剂', '[{"name":"独活","dose":"9g"}]', '[{"name":"桑寄生","dose":"12g"},{"name":"杜仲","dose":"10g"}]', '[{"name":"牛膝","dose":"10g"},{"name":"当归","dose":"10g"}]', '[{"name":"甘草","dose":"6g"}]', '["独活","桑寄生","杜仲","牛膝","当归","甘草"]', 8.8, NOW(), NOW()),
(24, '身痛逐瘀汤', '无', '《医林改错》', '清代', '活血化瘀剂', '活血祛瘀，祛风除湿', '瘀血痹阻，肩背腰腿疼痛，痛有定处', '水煎服，日一剂', '[{"name":"秦艽","dose":"9g"}]', '[{"name":"川芎","dose":"6g"},{"name":"桃仁","dose":"10g"}]', '[{"name":"红花","dose":"6g"},{"name":"牛膝","dose":"10g"}]', '[{"name":"甘草","dose":"6g"}]', '["秦艽","川芎","桃仁","红花","牛膝","甘草"]', 8.3, NOW(), NOW()),
(25, '真武汤', '无', '《伤寒论》', '东汉', '温里剂', '温阳利水', '脾肾阳虚，水湿内停，肢体浮肿', '水煎服，日一剂', '[{"name":"附子","dose":"9g"}]', '[{"name":"茯苓","dose":"12g"},{"name":"白术","dose":"10g"}]', '[{"name":"生姜","dose":"9g"}]', '[{"name":"白芍","dose":"10g"}]', '["附子","茯苓","白术","生姜","白芍"]', 8.6, NOW(), NOW()),
(26, '济生肾气丸', '无', '《严氏济生方》', '宋代', '补益剂', '温补肾阳，化气行水', '肾阳不足，腰膝酸软，畏寒肢冷，小便不利', '水蜜丸，一次6-9g，一日2次', '[{"name":"熟地黄","dose":"24g"}]', '[{"name":"山茱萸","dose":"12g"},{"name":"山药","dose":"12g"}]', '[{"name":"泽泻","dose":"9g"},{"name":"茯苓","dose":"9g"}]', '[{"name":"附子","dose":"6g"},{"name":"肉桂","dose":"3g"}]', '["熟地黄","山茱萸","山药","泽泻","茯苓","附子","肉桂"]', 8.7, NOW(), NOW()),
(27, '杞菊地黄丸加减方', '无', '临床经验方', '现代', '补益剂', '滋补肝肾，平肝明目', '肝肾阴虚兼肝阳偏亢，视物模糊', '水煎服，日一剂', '[{"name":"熟地黄","dose":"15g"}]', '[{"name":"山茱萸","dose":"10g"},{"name":"山药","dose":"10g"}]', '[{"name":"枸杞子","dose":"12g"},{"name":"菊花","dose":"10g"}]', '[{"name":"泽泻","dose":"8g"},{"name":"牡丹皮","dose":"8g"}]', '["熟地黄","山茱萸","山药","枸杞子","菊花","泽泻","牡丹皮"]', 8.2, NOW(), NOW()),
(28, '柴胡疏肝散', '无', '《景岳全书》', '明代', '理气剂', '疏肝理气，活血止痛', '肝气郁滞，胁肋疼痛，情志抑郁', '水煎服，日一剂', '[{"name":"柴胡","dose":"10g"}]', '[{"name":"香附","dose":"10g"},{"name":"川芎","dose":"6g"}]', '[{"name":"白芍","dose":"10g"},{"name":"枳壳","dose":"6g"}]', '[{"name":"甘草","dose":"6g"}]', '["柴胡","香附","川芎","白芍","枳壳","甘草"]', 8.8, NOW(), NOW()),
(29, '甘麦大枣汤', '无', '《金匮要略》', '东汉', '安神剂', '养心安神，和中缓急', '脏躁证，精神恍惚，悲伤欲哭，睡眠不安', '水煎服，日一剂', '[{"name":"甘草","dose":"9g"}]', '[{"name":"浮小麦","dose":"30g"}]', '[{"name":"大枣","dose":"6枚"}]', '无', '["甘草","浮小麦","大枣"]', 8.1, NOW(), NOW()),
(30, '安宫牛黄丸', '无', '《温病条辨》', '清代', '开窍剂', '清热解毒，豁痰开窍', '热病神昏，高热惊厥，谵语躁扰', '丸剂内服，遵医嘱', '[{"name":"牛黄","dose":"1g"}]', '[{"name":"麝香","dose":"0.3g"},{"name":"黄连","dose":"3g"}]', '[{"name":"栀子","dose":"3g"},{"name":"郁金","dose":"3g"}]', '[{"name":"冰片","dose":"0.5g"}]', '["牛黄","麝香","黄连","栀子","郁金","冰片"]', 8.5, NOW(), NOW()),
(31, '清瘟败毒饮', '无', '《疫疹一得》', '清代', '清热剂', '清热解毒，凉血泻火', '温疫热毒炽盛，高热神昏，发斑', '水煎服，日一剂', '[{"name":"石膏","dose":"30g"}]', '[{"name":"生地黄","dose":"15g"},{"name":"黄连","dose":"6g"}]', '[{"name":"黄芩","dose":"9g"},{"name":"栀子","dose":"9g"}]', '[{"name":"甘草","dose":"6g"}]', '["石膏","生地黄","黄连","黄芩","栀子","甘草"]', 8.4, NOW(), NOW()),
(32, '茵陈蒿汤', '无', '《伤寒论》', '东汉', '清热剂', '清热利湿退黄', '湿热黄疸，身目俱黄，小便短赤', '水煎服，日一剂', '[{"name":"茵陈","dose":"15g"}]', '[{"name":"栀子","dose":"9g"}]', '[{"name":"大黄","dose":"6g"}]', '无', '["茵陈","栀子","大黄"]', 8.6, NOW(), NOW()),
(33, '洗心汤', '无', '《证治准绳》', '明代', '安神剂', '清心涤痰，宁神开窍', '痰热扰心，失眠多梦，心烦不安', '水煎服，日一剂', '[{"name":"黄连","dose":"6g"}]', '[{"name":"半夏","dose":"9g"},{"name":"茯苓","dose":"10g"}]', '[{"name":"远志","dose":"6g"},{"name":"石菖蒲","dose":"6g"}]', '[{"name":"甘草","dose":"6g"}]', '["黄连","半夏","茯苓","远志","石菖蒲","甘草"]', 8.2, NOW(), NOW()),
(34, '益胃汤', '无', '《温病条辨》', '清代', '养阴剂', '养阴益胃，和中生津', '胃阴不足，口干咽燥，食少便结', '水煎服，日一剂', '[{"name":"沙参","dose":"12g"}]', '[{"name":"麦冬","dose":"12g"},{"name":"生地黄","dose":"12g"}]', '[{"name":"玉竹","dose":"10g"}]', '[{"name":"冰糖","dose":"适量"}]', '["沙参","麦冬","生地黄","玉竹"]', 8.0, NOW(), NOW()),
(35, '补肾壮骨方', '无', '现代经验方', '现代', '补益剂', '补肾强骨，活血通络', '骨关节退行性病变，腰膝酸痛', '水煎服，日一剂', '[{"name":"杜仲","dose":"12g"}]', '[{"name":"续断","dose":"12g"},{"name":"牛膝","dose":"10g"}]', '[{"name":"狗脊","dose":"10g"},{"name":"桑寄生","dose":"12g"}]', '[{"name":"甘草","dose":"6g"}]', '["杜仲","续断","牛膝","狗脊","桑寄生","甘草"]', 8.3, NOW(), NOW());

-- ========================
-- 扩展数据3：疾病（知识库增强）
-- ========================
INSERT INTO `disease` (`id`, `name`, `tcm_name`, `category`, `severity`, `overview`, `clinical_manifestations`, `common_syndromes`, `common_formulas`, `common_herbs`, `create_time`, `update_time`) VALUES
(11, '溃疡性结肠炎', '久痢', '消化内科', 'MODERATE', '慢性复发性结直肠炎症性疾病', '腹痛腹泻，黏液脓血便，里急后重', '[{"name":"湿热蕴结"},{"name":"脾虚湿盛"},{"name":"肝郁脾虚"}]', '["葛根芩连汤","芍药汤","参苓白术散"]', '["黄连","黄芩","白芍","白术","茯苓"]', NOW(), NOW()),
(12, '脑小血管病', '眩晕、中风', '神经内科', 'MODERATE', '脑内小动脉病变导致慢性缺血与认知下降', '头晕，步态不稳，记忆力下降，情绪波动', '[{"name":"气虚血瘀"},{"name":"痰瘀互结"},{"name":"肝肾不足"}]', '["补阳还五汤","天麻钩藤饮","血府逐瘀汤"]', '["黄芪","丹参","川芎","天麻","三七"]', NOW(), NOW()),
(13, '慢性心力衰竭', '心悸、喘证', '心内科', 'SEVERE', '心脏泵血功能下降导致的综合征', '活动后气促，乏力，下肢水肿，夜间憋醒', '[{"name":"心肾阳虚"},{"name":"气阴两虚"},{"name":"血瘀水停"}]', '["真武汤","生脉散","血府逐瘀汤"]', '["附子","黄芪","丹参","茯苓","泽泻"]', NOW(), NOW()),
(14, '功能性消化不良', '胃痞', '消化内科', 'MILD', '以上腹不适为主且无器质性病变', '餐后饱胀，早饱，上腹痛，嗳气反酸', '[{"name":"肝胃不和"},{"name":"脾胃虚弱"},{"name":"湿阻中焦"}]', '["柴胡疏肝散","半夏泻心汤","香砂六君子汤"]', '["柴胡","半夏","陈皮","白术","香附"]', NOW(), NOW()),
(15, '偏头痛', '头风', '神经内科', 'MODERATE', '反复发作性中重度搏动性头痛', '单侧头痛，恶心呕吐，畏光畏声', '[{"name":"肝阳上亢"},{"name":"痰浊上扰"},{"name":"血瘀阻络"}]', '["天麻钩藤饮","川芎茶调散","血府逐瘀汤"]', '["天麻","川芎","白芍","钩藤","丹参"]', NOW(), NOW()),
(16, '慢性阻塞性肺疾病', '肺胀', '呼吸内科', 'SEVERE', '持续气流受限并进行性加重的慢性呼吸系统疾病', '慢性咳嗽，咳痰，气促，活动耐量下降', '[{"name":"痰浊阻肺"},{"name":"肺肾气虚"},{"name":"痰热壅肺"}]', '["苏子降气汤","生脉散","补肺汤"]', '["紫苏子","苦杏仁","黄芪","五味子","麦冬"]', NOW(), NOW()),
(17, '代谢综合征', '痰湿、肥胖', '内分泌', 'MODERATE', '中心性肥胖、血脂异常、血压血糖异常聚集状态', '腹型肥胖，乏力，口渴，血压血糖升高', '[{"name":"痰湿内盛"},{"name":"脾虚湿阻"},{"name":"肝郁气滞"}]', '["玉液汤","参苓白术散","柴胡疏肝散"]', '["黄芪","葛根","黄柏","泽泻","山楂"]', NOW(), NOW()),
(18, '糖尿病肾病', '消渴肾病', '肾内科', 'SEVERE', '糖尿病相关慢性肾脏损害', '蛋白尿，水肿，乏力，肾功能下降', '[{"name":"气阴两虚"},{"name":"脾肾阳虚"},{"name":"瘀阻肾络"}]', '["济生肾气丸","玉液汤","真武汤"]', '["黄芪","山药","泽泻","丹参","茯苓"]', NOW(), NOW()),
(19, '肝纤维化', '胁痛、积聚', '消化内科', 'SEVERE', '慢性肝损伤修复过程中纤维组织异常沉积', '乏力，纳差，胁肋不适，肝脾肿大', '[{"name":"湿热瘀阻"},{"name":"肝郁脾虚"},{"name":"肝肾阴虚"}]', '["茵陈蒿汤","血府逐瘀汤","逍遥散"]', '["茵陈","丹参","郁金","当归","白芍"]', NOW(), NOW()),
(20, '高脂血症', '痰浊', '心内科', 'MODERATE', '血脂代谢异常导致动脉粥样硬化风险升高', '头晕乏力，胸闷，体重增加，实验室血脂异常', '[{"name":"痰湿壅盛"},{"name":"脾虚痰阻"},{"name":"肝郁气滞"}]', '["二陈汤","温胆汤","泽泻汤"]', '["泽泻","山楂","陈皮","半夏","茯苓"]', NOW(), NOW()),
(21, '焦虑障碍', '郁证、惊悸', '精神心理', 'MODERATE', '以持续焦虑紧张和自主神经症状为特点', '心悸，失眠，烦躁，坐立不安', '[{"name":"心胆气虚"},{"name":"肝郁化火"},{"name":"痰热扰心"}]', '["温胆汤","甘麦大枣汤","归脾汤"]', '["酸枣仁","远志","茯苓","柴胡","黄连"]', NOW(), NOW()),
(22, '失智症轻度认知障碍', '健忘', '神经内科', 'MILD', '介于正常衰老与痴呆之间的认知状态', '记忆减退，注意力下降，执行功能下降', '[{"name":"肾精不足"},{"name":"痰瘀阻窍"},{"name":"气血不足"}]', '["归脾汤","洗心汤","补阳还五汤"]', '["人参","黄芪","远志","石菖蒲","丹参"]', NOW(), NOW()),
(23, '慢性咽炎', '喉痹', '耳鼻喉科', 'MILD', '咽部黏膜慢性炎症', '咽干咽痒，异物感，清嗓频繁', '[{"name":"肺阴不足"},{"name":"痰热壅肺"},{"name":"肝郁气滞"}]', '["养阴清肺汤","清咽利膈汤","温胆汤"]', '["麦冬","百合","桔梗","甘草","薄荷"]', NOW(), NOW()),
(24, '慢性肠易激综合征', '泄泻、腹痛', '消化内科', 'MILD', '功能性肠病，常伴腹痛与排便习惯改变', '腹痛腹胀，腹泻或便秘交替，情绪诱发', '[{"name":"肝郁脾虚"},{"name":"脾胃虚弱"},{"name":"寒热错杂"}]', '["逍遥散","参苓白术散","半夏泻心汤"]', '["柴胡","白术","茯苓","白芍","甘草"]', NOW(), NOW()),
(25, '骨质疏松症', '骨痿', '骨科', 'MODERATE', '骨量减少和骨微结构退化导致骨脆性增加', '腰背痛，身高变矮，易骨折', '[{"name":"肾精亏虚"},{"name":"肝肾不足"},{"name":"脾肾两虚"}]', '["补肾壮骨方","六味地黄丸","济生肾气丸"]', '["杜仲","续断","狗脊","山茱萸","牛膝"]', NOW(), NOW()),
(26, '类风湿关节炎', '痹证', '风湿免疫', 'SEVERE', '以滑膜炎和关节破坏为特征的自身免疫病', '关节肿痛晨僵，活动受限，乏力', '[{"name":"风寒湿痹"},{"name":"湿热痹阻"},{"name":"肝肾亏虚"}]', '["独活寄生汤","身痛逐瘀汤","桂枝芍药知母汤"]', '["独活","秦艽","当归","黄芩","牛膝"]', NOW(), NOW()),
(27, '银屑病', '白疕', '皮肤科', 'MODERATE', '慢性炎症性皮肤病，易复发', '红斑鳞屑，瘙痒，皮损反复', '[{"name":"血热风燥"},{"name":"血瘀阻络"},{"name":"湿热蕴肤"}]', '["消风散","当归饮子","凉血解毒方"]', '["生地黄","当归","白芍","丹参","苦参"]', NOW(), NOW()),
(28, '慢性荨麻疹', '瘾疹', '皮肤科', 'MILD', '皮肤风团反复发作超过六周', '风团瘙痒，时发时止，夜间加重', '[{"name":"风热犯表"},{"name":"风寒束表"},{"name":"气血不足"}]', '["消风散","玉屏风散","归脾汤"]', '["防风","荆芥","黄芪","白术","甘草"]', NOW(), NOW()),
(29, '轻中度脂肪肝', '胁痛', '消化内科', 'MILD', '肝细胞脂肪沉积引起的可逆性代谢异常', '乏力，食欲下降，肝区不适，转氨酶波动', '[{"name":"痰湿内阻"},{"name":"肝郁脾虚"},{"name":"湿热瘀阻"}]', '["茵陈蒿汤","柴胡疏肝散","温胆汤"]', '["茵陈","柴胡","泽泻","山楂","丹参"]', NOW(), NOW()),
(30, '慢性失眠障碍', '不寐', '精神心理', 'MODERATE', '长期睡眠维持困难并影响日间功能', '入睡困难，早醒，多梦，白天困乏', '[{"name":"心脾两虚"},{"name":"阴虚火旺"},{"name":"肝郁化火"}]', '["归脾汤","酸枣仁汤","甘麦大枣汤"]', '["酸枣仁","柏子仁","远志","当归","黄芪"]', NOW(), NOW());

-- ========================
-- 扩展数据3：化学成分（知识库增强）
-- ========================
INSERT INTO `component` (`id`, `name`, `chemical_formula`, `molecular_weight`, `cas_number`, `bioactivity`, `source_herbs`, `pharmacological_effects`, `molecular_weight_da`, `logp`, `drug_like_score`, `create_time`, `update_time`) VALUES
(16, '黄芩素', 'C15H10O5', 270.24, '491-67-8', '抗炎、抗氧化、神经保护', '["黄芩"]', '["抗炎","抗氧化","抗肿瘤","神经保护"]', 270.24, 2.18, 4, NOW(), NOW()),
(17, '汉黄芩素', 'C16H12O5', 284.26, '632-85-9', '抗炎、抗病毒、抗纤维化', '["黄芩"]', '["抗炎","抗病毒","抗纤维化"]', 284.26, 2.42, 4, NOW(), NOW()),
(18, '药根碱', 'C20H20NO4', 338.40, '3621-38-3', '抗炎、降糖、抗氧化', '["黄连","黄柏"]', '["抗炎","降糖","抗氧化","代谢调节"]', 338.40, 1.31, 3, NOW(), NOW()),
(19, '黄柏酮', 'C21H22O6', 370.40, '94356-26-0', '抗炎、抑菌', '["黄柏"]', '["抗炎","抑菌","抗氧化"]', 370.40, 2.61, 3, NOW(), NOW()),
(20, '葛根黄酮', 'C21H20O9', 416.38, '3681-99-0', '改善微循环、抗氧化', '["葛根"]', '["心血管保护","抗氧化","抗炎"]', 416.38, 1.09, 3, NOW(), NOW()),
(21, '天麻多糖', 'C18H32O16', 504.44, '94340-84-0', '神经保护、免疫调节', '["天麻"]', '["神经保护","免疫调节","抗疲劳"]', 504.44, -0.30, 2, NOW(), NOW()),
(22, '阿魏酸乙酯', 'C12H14O4', 222.24, '4046-02-0', '抗氧化、抗炎', '["当归","川芎"]', '["抗氧化","抗炎","血管保护"]', 222.24, 2.05, 4, NOW(), NOW()),
(23, '芍药内酯苷', 'C23H28O11', 480.46, '39011-90-0', '镇痛、抗炎、神经调节', '["白芍"]', '["镇痛","抗炎","神经保护"]', 480.46, 0.78, 3, NOW(), NOW()),
(24, '川芎嗪', 'C8H12N2', 136.19, '1124-11-4', '改善脑循环、抗血小板', '["川芎"]', '["抗血小板","扩血管","神经保护"]', 136.19, 1.12, 5, NOW(), NOW()),
(25, '丹参酚酸A', 'C26H22O10', 494.45, '96574-01-5', '抗氧化、抗纤维化', '["丹参"]', '["抗氧化","抗纤维化","心血管保护"]', 494.45, 1.34, 3, NOW(), NOW()),
(26, '隐丹参酮', 'C19H20O3', 296.36, '35825-57-1', '抗炎、抗菌、抗肿瘤', '["丹参"]', '["抗炎","抗菌","抗肿瘤"]', 296.36, 3.54, 4, NOW(), NOW()),
(27, '甘草次酸', 'C30H46O4', 470.68, '471-53-4', '抗炎、保肝、抗纤维化', '["甘草"]', '["抗炎","保肝","抗纤维化"]', 470.68, 5.14, 3, NOW(), NOW()),
(28, '甘草黄酮', 'C16H12O4', 268.26, '578-86-9', '抗氧化、抗炎', '["甘草"]', '["抗氧化","抗炎","免疫调节"]', 268.26, 2.44, 4, NOW(), NOW()),
(29, '麦冬皂苷D', 'C44H70O16', 855.01, '41753-55-7', '心肌保护、抗炎', '["麦冬"]', '["心肌保护","抗炎","抗氧化"]', 855.01, 2.23, 2, NOW(), NOW()),
(30, '五味子甲素', 'C24H32O7', 432.51, '61281-38-7', '保肝、抗氧化、抗炎', '["五味子"]', '["保肝","抗氧化","抗炎"]', 432.51, 3.60, 3, NOW(), NOW()),
(31, '五味子乙素', 'C23H28O6', 400.46, '58546-54-6', '神经保护、抗疲劳', '["五味子"]', '["神经保护","抗疲劳","抗氧化"]', 400.46, 3.24, 3, NOW(), NOW()),
(32, '山楂酸', 'C30H48O5', 488.70, '4373-41-5', '调脂、抗炎', '["山楂"]', '["调脂","抗炎","抗氧化"]', 488.70, 5.30, 3, NOW(), NOW()),
(33, '橙皮苷', 'C28H34O15', 610.56, '520-26-3', '抗炎、抗氧化、血管保护', '["陈皮"]', '["抗炎","抗氧化","血管保护"]', 610.56, 1.44, 2, NOW(), NOW()),
(34, '新橙皮苷', 'C28H34O15', 610.56, '13241-33-3', '抗氧化、抗炎', '["陈皮","枳壳"]', '["抗氧化","抗炎","调脂"]', 610.56, 1.39, 2, NOW(), NOW()),
(35, '香附烯酮', 'C15H22O', 218.33, '497-54-7', '解痉、镇痛', '["香附"]', '["解痉","镇痛","抗炎"]', 218.33, 3.42, 4, NOW(), NOW()),
(36, '莪术醇', 'C15H26O', 222.37, '489-40-7', '抗炎、抗肿瘤', '["郁金"]', '["抗炎","抗肿瘤","抗纤维化"]', 222.37, 3.96, 4, NOW(), NOW()),
(37, '延胡索乙素', 'C22H27NO4', 369.45, '6024-85-7', '镇痛、镇静', '["延胡索"]', '["镇痛","镇静","神经调节"]', 369.45, 2.91, 3, NOW(), NOW()),
(38, '桃仁苷', 'C20H27NO11', 457.43, '29883-15-6', '抗炎、抗凝', '["桃仁"]', '["抗炎","抗凝","改善微循环"]', 457.43, 0.95, 2, NOW(), NOW()),
(39, '红花黄色素A', 'C27H32O16', 612.53, '78281-02-4', '抗血栓、抗缺血', '["红花"]', '["抗血栓","抗缺血","抗炎"]', 612.53, 0.72, 2, NOW(), NOW()),
(40, '益母草碱', 'C7H13NO2', 143.18, '3755-75-1', '子宫平滑肌调节、抗炎', '["益母草"]', '["平滑肌调节","抗炎","改善循环"]', 143.18, -0.10, 5, NOW(), NOW()),
(41, '齐墩果酸甲酯', 'C31H50O3', 470.73, '1729-02-6', '保肝、抗炎', '["山茱萸"]', '["保肝","抗炎","抗氧化"]', 470.73, 5.84, 3, NOW(), NOW()),
(42, '知母皂苷BII', 'C45H74O19', 927.08, '17406-45-0', '抗炎、降糖', '["知母"]', '["抗炎","降糖","神经保护"]', 927.08, 1.88, 2, NOW(), NOW()),
(43, '穿心莲内酯', 'C20H30O5', 350.45, '5508-58-7', '抗炎、抗病毒、保肝', '["穿心莲"]', '["抗炎","抗病毒","保肝"]', 350.45, 2.67, 4, NOW(), NOW()),
(44, '白及多糖', 'C24H40O20', 696.57, '94356-63-5', '止血、促愈合、抗炎', '["白及"]', '["止血","促愈合","抗炎"]', 696.57, -0.45, 2, NOW(), NOW()),
(45, '雷公藤甲素', 'C20H24O6', 360.40, '38647-10-8', '免疫抑制、抗炎', '["雷公藤"]', '["免疫抑制","抗炎","抗纤维化"]', 360.40, 2.84, 3, NOW(), NOW());

-- ========================
-- 扩展数据3：靶点通路（知识库增强）
-- ========================
INSERT INTO `target_pathway` (`id`, `name`, `type`, `target_type`, `function`, `biological_process`, `pathway_name`, `pathway_category`, `related_diseases`, `related_components`, `evidence_level`, `create_time`, `update_time`) VALUES
(12, 'PPAR-γ', 'TARGET', 'RECEPTOR', '核受体，调控脂质代谢和胰岛素敏感性', '脂代谢调节、炎症调控', 'PPAR signaling pathway', 'Metabolism', '["2 型糖尿病","代谢综合征","高脂血症"]', '["葛根素","黄柏碱","黄芩素"]', 'HIGH', NOW(), NOW()),
(13, 'AKT1', 'TARGET', 'PROTEIN', '丝氨酸/苏氨酸蛋白激酶，细胞存活关键节点', '细胞存活、代谢调控、抗凋亡', 'PI3K-Akt signaling pathway', 'Cellular Processes', '["冠心病","脑小血管病","阿尔茨海默病"]', '["丹参酮 IIA","天麻素","三七皂苷 R1"]', 'HIGH', NOW(), NOW()),
(14, 'mTOR', 'TARGET', 'PROTEIN', '细胞生长与代谢整合调控节点', '蛋白合成、自噬调控、代谢重塑', 'mTOR signaling pathway', 'Metabolism', '["2 型糖尿病","肝纤维化","慢性肾脏病"]', '["黄芪甲苷","丹酚酸 B","甘草次酸"]', 'MEDIUM', NOW(), NOW()),
(15, 'STAT3', 'TARGET', 'PROTEIN', '炎症与纤维化转录调控因子', '炎症信号转导、纤维化进展', 'JAK-STAT signaling pathway', 'Immune System', '["肝纤维化","慢性肾脏病","类风湿关节炎"]', '["黄芩素","丹酚酸 A","雷公藤甲素"]', 'HIGH', NOW(), NOW()),
(16, 'IL-6', 'TARGET', 'PROTEIN', '促炎细胞因子', '免疫炎症放大反应', 'Cytokine-cytokine receptor interaction', 'Immune System', '["溃疡性结肠炎","类风湿关节炎","抑郁障碍"]', '["黄连素","甘草酸","穿心莲内酯"]', 'HIGH', NOW(), NOW()),
(17, 'TNF-α', 'TARGET', 'PROTEIN', '关键炎症因子', '炎症反应放大、组织损伤', 'TNF signaling pathway', 'Immune System', '["溃疡性结肠炎","银屑病","类风湿关节炎"]', '["黄芩素","黄连素","雷公藤甲素"]', 'HIGH', NOW(), NOW()),
(18, 'HIF-1', 'PATHWAY', 'PATHWAY', '低氧应激转录通路', '缺氧适应、代谢重编程、血管生成', 'HIF-1 signaling pathway', 'Cellular Stress Response', '["冠心病","脑小血管病","慢性心力衰竭"]', '["丹参酮 IIA","三七皂苷 R1","葛根素"]', 'MEDIUM', NOW(), NOW()),
(19, 'Wnt/β-catenin', 'PATHWAY', 'PATHWAY', '细胞命运与纤维化调控通路', '组织重塑、纤维化、再生修复', 'Wnt signaling pathway', 'Cellular Processes', '["骨质疏松症","肝纤维化","慢性肾脏病"]', '["黄芪甲苷","丹酚酸 B","齐墩果酸"]', 'MEDIUM', NOW(), NOW()),
(20, 'Notch', 'PATHWAY', 'PATHWAY', '细胞分化与免疫调节信号通路', '炎症反应、组织分化、再生调控', 'Notch signaling pathway', 'Cellular Processes', '["慢性肾脏病","银屑病","溃疡性结肠炎"]', '["黄芩素","甘草黄酮","穿心莲内酯"]', 'LOW', NOW(), NOW()),
(21, 'FOXO3', 'TARGET', 'PROTEIN', '氧化应激与衰老相关转录因子', '抗氧化应答、细胞稳态维持', 'FoxO signaling pathway', 'Metabolism', '["阿尔茨海默病","代谢综合征","骨质疏松症"]', '["天麻素","黄芪甲苷","丹酚酸 A"]', 'MEDIUM', NOW(), NOW()),
(22, 'SOD2', 'TARGET', 'ENZYME', '线粒体抗氧化酶', '清除氧自由基、线粒体保护', 'Oxidative phosphorylation', 'Cellular Stress Response', '["脑小血管病","阿尔茨海默病","慢性肾脏病"]', '["天麻素","黄芩素","丹酚酸 B"]', 'MEDIUM', NOW(), NOW()),
(23, 'ACE', 'TARGET', 'ENZYME', '血管紧张素转化酶，血压调控关键酶', '血压调节、心肾保护', 'Renin-angiotensin system', 'Cardiovascular', '["高血压","慢性心力衰竭","慢性肾脏病"]', '["葛根素","丹参酮 IIA","黄芪甲苷"]', 'HIGH', NOW(), NOW()),
(24, 'eNOS', 'TARGET', 'PROTEIN', '内皮一氧化氮合酶', '血管舒张、内皮功能维持', 'VEGF signaling pathway', 'Cardiovascular', '["冠心病","高血压","脑小血管病"]', '["丹参酮 IIA","葛根素","三七皂苷 R1"]', 'HIGH', NOW(), NOW()),
(25, 'COX-2', 'TARGET', 'ENZYME', '炎症相关环氧化酶', '前列腺素合成、炎症疼痛反应', 'Arachidonic acid metabolism', 'Immune System', '["骨关节炎","类风湿关节炎","偏头痛"]', '["芍药内酯苷","黄芩素","穿心莲内酯"]', 'HIGH', NOW(), NOW()),
(26, '5-HT通路', 'PATHWAY', 'PATHWAY', '血清素神经递质信号通路', '情绪调节、睡眠稳态', 'Serotonergic synapse', 'Nervous System', '["抑郁障碍","焦虑障碍","慢性失眠障碍"]', '["酸枣仁活性组分","柏子仁活性组分","远志活性组分"]', 'MEDIUM', NOW(), NOW()),
(27, 'GABA受体', 'TARGET', 'RECEPTOR', '中枢抑制性神经递质受体', '神经抑制、睡眠调节、抗焦虑', 'GABAergic synapse', 'Nervous System', '["焦虑障碍","失眠","抑郁障碍"]', '["酸枣仁活性组分","远志活性组分","甘草黄酮"]', 'MEDIUM', NOW(), NOW()),
(28, 'BDNF', 'TARGET', 'PROTEIN', '脑源性神经营养因子', '神经可塑性与学习记忆', 'Neurotrophin signaling pathway', 'Nervous System', '["阿尔茨海默病","抑郁障碍","脑小血管病"]', '["天麻素","人参皂苷 Rg1","丹参酮 IIA"]', 'MEDIUM', NOW(), NOW()),
(29, 'TLR4/NF-κB', 'PATHWAY', 'PATHWAY', '先天免疫炎症轴通路', '炎症放大、细胞因子释放', 'Toll-like receptor signaling pathway', 'Immune System', '["溃疡性结肠炎","肝纤维化","慢性咽炎"]', '["黄连素","黄芩素","穿心莲内酯"]', 'HIGH', NOW(), NOW()),
(30, 'NLRP3炎性小体', 'PATHWAY', 'PATHWAY', '炎症小体激活通路', 'IL-1β成熟释放、炎症损伤', 'Inflammasome pathway', 'Immune System', '["2 型糖尿病","非酒精性脂肪性肝病","骨关节炎"]', '["黄芩素","甘草次酸","丹酚酸 B"]', 'MEDIUM', NOW(), NOW()),
(31, 'MAPK/ERK', 'PATHWAY', 'PATHWAY', '细胞增殖分化应激通路', '增殖分化、炎症与应激响应', 'MAPK signaling pathway', 'Cellular Processes', '["银屑病","肝纤维化","类风湿关节炎"]', '["黄连素","丹参酮 IIA","芍药内酯苷"]', 'MEDIUM', NOW(), NOW()),
(32, 'SMAD3', 'TARGET', 'PROTEIN', 'TGF-β下游转录调节蛋白', '纤维化相关基因表达调控', 'TGF-beta signaling pathway', 'Cellular Processes', '["肝纤维化","慢性肾脏病","心肌纤维化"]', '["黄芪甲苷","丹酚酸 B","雷公藤甲素"]', 'HIGH', NOW(), NOW()),
(33, 'GLUT4', 'TARGET', 'PROTEIN', '葡萄糖转运蛋白', '葡萄糖摄取与胰岛素敏感性调节', 'Insulin signaling pathway', 'Metabolism', '["2 型糖尿病","代谢综合征"]', '["葛根素","黄连素","黄芪甲苷"]', 'HIGH', NOW(), NOW()),
(34, 'SREBP-1c', 'TARGET', 'PROTEIN', '脂肪生成关键转录因子', '脂质合成与肝脂肪沉积调控', 'Fatty acid biosynthesis', 'Metabolism', '["非酒精性脂肪性肝病","高脂血症","代谢综合征"]', '["黄柏碱","黄连素","山楂酸"]', 'MEDIUM', NOW(), NOW()),
(35, 'PPAR-α', 'TARGET', 'RECEPTOR', '脂肪酸氧化调控核受体', '脂肪酸氧化、脂代谢稳态', 'PPAR signaling pathway', 'Metabolism', '["高脂血症","脂肪肝","代谢综合征"]', '["山楂酸","葛根黄酮","丹酚酸 A"]', 'MEDIUM', NOW(), NOW());
